As	Bs	Ctrl	Hyp	Li	Nd	Ns	Oss	Oxs	Sp	Tm	Vic	gene_name
5.987316783918417	6.775978820538096	6.107636490057787	6.2610263741808865	7.21267018987245	6.045048333194614	6.64984003444869	5.851630690039503	6.867574608519677	6.091846760942204	6.1864515901142	6.489868942917387	CjNC3-Campylobacter
3.522367376980277	3.9795060281735197	3.88224695439281	4.0816105871493	3.9858533249265	3.7334131923763767	3.537414838221607	3.76235284518876	3.76604484878463	3.8855840710650433	3.8522908646721565	4.19627594017281	CjNC9-Campylobacter
7.8825285112899	7.536425502532583	8.065939068542436	7.952147275599914	8.341224831931843	7.968096526392284	8.238776994177284	8.09208837633594	7.042809933126467	7.492136592961686	6.798432778833226	7.54588828971099	CjNC10-Campylobacter
14.1925103876152	15.6963155024897	14.208373241589067	14.333268248518234	14.404892837295566	14.033400290883867	14.4463741951024	13.701837467578766	13.849300737065066	15.265105074052567	13.228526304030733	13.7838465474433	6S_RNA-Campylobacter
8.23286988468224	8.052219174521264	8.394874588735254	7.93237457509413	7.875424540851263	7.943269032418697	8.091646197717543	8.35773818503059	8.408923809753986	8.099341120359608	7.56209036834025	8.03609824181961	SRP_RNA_Cjs03-Campylobacter
15.465303062030033	15.0121933066534	15.163278478126266	15.3044039375975	15.664834158934733	14.880092683250433	15.687545881346567	15.285223108332566	14.6624754715404	16.430328481417067	14.155211715919833	14.609471201062167	rnpB-Campylobacter
8.00150070387155	8.05390755307925	8.34725730698088	7.935638378844663	8.04635633002725	8.04333057181657	7.851961154702416	7.856784834460406	8.602374667185837	7.593194161269476	7.86017736464487	7.919536876835397	CjNC13-Campylobacter
1.3854631169849267	0.6698903169938266	1.2381083746948525	1.0851585100948393	0.45641049841026904	3.00301464540162	0.8232916077981987	0.788486032148402	1.2198329184408234	1.51528522475433	1.017429916087665	2.004472140276673	DapZ-Salmonella
1.5227531462600232	0.7192946642967493	2.107873168637003	1.6455138079235567	1.1744102238749712	0.9467401409506303	1.1892140360175008	1.0869469966647975	1.6193576841757233	0.6277621875829567	1.41226091657103	2.0903609902526	SroA-Salmonella
2.7260359985880434	1.7802812372643033	2.7327241640637965	2.7544493360878333	1.761225092993055	2.49759935691216	1.7379629936541534	2.9839411492505534	1.7349958777255001	3.003893031309153	2.18501102652524	2.8374612506827663	SgrS-Salmonella
3.96606807451992	3.44637845722699	2.1399939007847433	3.8919411171513065	1.7576174763815766	4.154258383198036	2.661664016764153	4.244349715635553	3.7619779471464234	2.7142466132438834	2.6694046305680468	5.3034917534909765	sRNA157877-Salmonella
5.441007347592613	3.6193268463145567	4.045905612207964	3.602711755811047	7.298240287169183	8.895852355867197	8.350676700454038	3.280583469638623	9.429738032675884	3.6485258632722535	3.5535730169967366	5.4059974835197	STnc3250-Salmonella
3.913496049134553	3.22713064463161	3.89997371706996	4.3318363488393405	2.9307427348539368	4.413821634460653	3.1290217342713036	4.2041430095458034	2.6580865311220934	4.032922215884213	4.175735949976157	2.8356182321402	sRNA248024-Salmonella
6.542149111215424	4.58127615331908	4.79803386182881	4.521269361111816	4.23100605179801	2.44220385881421	5.918508858848557	4.666931397937807	4.13926477693298	4.42283642661966	4.64007069813543	7.05989486379495	t44-Salmonella
4.076939027457944	4.1164436389473895	4.449522138489926	4.422459930474523	2.9489237391949636	3.8035489314145665	1.8394254267109733	3.1939736052840466	1.8381666252667401	3.853367821715697	4.50467581839622	5.852560077810249	STnc920-Salmonella
6.740043283345873	4.945063363812004	5.4097287927322135	5.04329843482833	4.414762162728703	4.3558974861366435	3.075755292732213	4.765625397876847	4.0867000736196495	2.37069626680528	5.00547875355759	6.96292771901235	sRNA289055-Salmonella
5.367849895849304	1.7450632179955334	2.63072568040988	0.9439981652631251	1.6569117767409214	0.7835246788779744	2.60966680832472	1.4519967338473514	0.8753918761846929	0.7005653677749357	1.4528880918092733	1.7660334012207834	sRNA294677-Salmonella
2.1005806181633764	2.90274991238202	2.24522765179206	2.87349787146757	2.248163857511293	4.132924187001794	1.6257279740875412	4.313251095724043	2.2071669758745864	3.9105712037947833	2.9373573599477765	2.1569366896203834	sRNA441095-Salmonella
2.6681291400877765	2.4517012097025663	2.6925456147140867	2.89196781084978	2.070052617984927	2.82274597891226	3.28558438264803	2.4031966818531734	2.659378721613977	2.82050625268839	2.3027778435767132	2.9474629899830034	sRNA458139-Salmonella
4.124845153658646	4.227341270739814	4.9342684322201205	3.7127292734032933	3.278733573634683	2.62533864371039	2.0358834535601567	4.176317765740746	2.6693330007947664	2.41817952283859	3.825339980948453	4.030507617470463	sRNA466560-Salmonella
8.228623912845267	7.8901270558269365	8.574955548142578	10.921253671361534	8.18655189028039	9.721525824210236	9.084830430159183	7.81801500698451	8.52903663005265	9.703522643601934	8.14356214195432	9.78889736583304	sRNA466762-Salmonella
7.50168493363725	5.3079068702512435	5.869274867388107	5.58819626662485	4.83087286192039	3.84687194341908	4.914292226250087	5.158533246181894	2.5677617742050667	3.1771428387345266	5.0830421693458065	7.071273103510157	sRNA501027-Salmonella
5.18310782148201	4.210706329557406	4.54908433424884	4.4247725427258935	4.5520086107894935	4.377930444416983	5.036170258228417	4.274664343217837	3.95531014273432	4.129345079129957	5.135017424741084	3.9871505813294137	sRNA507874-Salmonella
9.56344541626642	8.85782462492266	10.7865535598076	11.157844099544366	9.34098988145777	10.8538959125495	10.878004259716134	9.390840277432897	10.269627299883606	10.0702042520258	9.631218763267979	13.3356512907097	sRNA523910-Salmonella
6.4647521654844535	4.586616505517293	4.968007202248627	3.91206377772193	6.18693097299408	5.86233608031542	4.8593437329079	5.502917020378834	7.105083258553994	4.04836390479241	4.8748572757875195	5.136605686706626	sRNA539269-Salmonella
3.4611902177053167	2.055123248455455	2.6314979316594345	2.016243108031557	4.31133016984176	3.3043710869815266	3.9437081501277267	2.48612288414215	3.9756226752785366	2.7138992248831935	2.4342175767166165	3.9466543984121167	sRNA539528-Salmonella
2.9775598612211835	2.848423049300967	2.715603291945133	3.0835140604340165	2.3257959909869466	2.64644329346637	2.181095984767517	2.83629797961897	3.551321161522523	1.9302610643253033	2.3473871388417367	2.643286650766193	STnc3130-Salmonella
3.0579907842293568	3.212433509679013	3.8623097584163233	4.312628735012156	2.963308405873467	3.2881405280488902	2.99531611239955	3.6455326886887165	2.809631372793097	1.44329142962495	2.3771016966399396	3.9994537586846897	sRNA546177-Salmonella
1.0688281628718774	0.16170212978811901	0.716199117344894	3.883220855347207	0.9381907860550797	1.3216381574155587	1.56108773845274	-0.19527068934871586	7.362647166233627	0.4618298835231078	0.9864386916411386	2.480512167619697	STnc1870-Salmonella
0.8908395096932136	0.1423959673386562	0.6360448436106817	0.3949435597589907	2.31342043334512	1.6762407908555033	0.88187285779982	0.462265783325939	1.8584765978615132	0.3919427361411047	0.29100414001736696	1.5609940792438968	sRNA655601-Salmonella
6.19553150288298	5.19477458374321	6.349596656855376	7.846803985588673	6.84297465384045	6.802277614913507	6.508509894893789	5.571738204520743	7.30247895663661	5.420267463043143	6.1693495635135935	7.759587891807503	STnc070-Salmonella
1.4984363142374344	1.8678014930041433	1.286576416533373	1.9793201536580296	1.4319138595444594	1.79863770871693	2.0879302381281732	1.6686789249263234	1.7076586524637223	0.832994456415542	1.3460679722462814	1.6122092897722433	sRNA10-Salmonella
2.4376942311683534	1.57140121626754	1.5258805273059255	1.26110051195953	2.4045114441433335	1.131303417981654	2.792431642878493	2.7966438088508934	2.20512516012889	1.3725251299752332	2.134138578160213	2.1194337831013534	sRNA697722-Salmonella
-0.3563237966219607	0.6022101054019453	0.3384888783437974	0.11952536194026218	-0.22571467881450033	4.834079532635506	-0.007764765638756656	-0.43354695061601434	1.060133599917064	2.607969033419777	0.11706098007702911	1.581657131611761	SroC-Salmonella
0.08951927115870897	0.029270086408927875	1.500564978796773	1.8079449509712193	-0.0499720890383817	1.2559778459960658	0.2752223794124086	0.24225584015429502	0.5030116702321921	0.12032860814146037	0.761808755595361	0.9016459506148897	sRNA733846-Salmonella
2.0139361182340765	3.024347569985223	1.8528310604416833	2.881450965988337	2.565271569362533	2.5226476087435565	1.5651693415087666	2.1782912432087764	2.666486122798223	1.9570793160085467	2.45665146628051	2.2419743914685704	sRNA740234-Salmonella
1.75021891801713	1.2665296513597344	0.8939126512303956	2.6550440493210634	1.0844209045769218	1.2889850229210567	0.317977143349559	0.9028023071399484	1.210460212414108	0.49827975157326	1.0702689217849866	1.0819088866555897	STnc3300-Salmonella
0.4202868182183249	1.071869360601217	0.639656466364894	0.3225159803769857	0.16317196404012854	2.2806504620529133	0.16942321270010233	0.6857222405955165	0.6830677364287003	1.1786588915107301	1.94102891512756	0.8626930318970883	sRNA748884-Salmonella
4.83890110086599	3.9324408464607066	4.201379145410313	4.15808134453238	1.8113684120779066	3.93865230646297	2.17528849294361	3.5484392307373733	4.345972324944763	2.4784561791219835	3.745708200967247	2.90051119527547	sRNA9-Salmonella
0.2588870578959823	0.5740868075803337	0.9750136560579903	2.088618481726417	0.2898518370775517	1.32563222939154	0.9159634880753823	1.3304465560146432	1.6499293581672827	1.0055922980048702	0.45212288501442033	0.9507873468744164	sRNA773787-Salmonella
4.697550764367733	5.2223197248116335	5.366876903256517	8.095744015831487	6.114033045358903	9.403079200838556	6.90218124509636	6.648861255350563	9.78831048883113	8.082342458475761	6.3845785079922965	6.320984513353514	sRNA800767-Salmonella
5.153980760321686	5.384635524105887	4.958422310001423	6.4699391746688395	4.694976485438373	5.003586845650903	4.817562207839947	5.7111588199935	5.668718247066684	3.83860724971187	5.127989356519957	5.300635870900273	STnc3340-Salmonella
2.492904356303433	2.6255730764652134	3.1024871607207167	4.3675505304387	1.9678032680159634	2.6895040227860734	2.4523904783794257	2.71936340645704	3.6515770340485534	2.2782265669678736	2.78901949973276	2.14085693140315	sRNA865865-Salmonella
1.348832433604178	2.764684356192843	3.2503598459716367	4.093711610616286	1.035145783612782	1.0694734777706787	0.7324975909573933	3.150387231397253	1.1612557272953397	1.2782313138609933	2.0802774315480534	2.6913695361512335	sRNA869761-Salmonella
1.5093800493190441	4.14922095265119	3.11608109217369	4.000984503183867	3.5056349786386134	2.0615742277578133	6.000229814688327	3.1344174051957534	5.22600836672889	3.10043010427047	2.410375697240353	3.804433094668287	STnc980-Salmonella
3.4233965834732034	3.3673685226287033	3.5887301156882403	3.8730326294052135	4.00837348465829	3.66625337999597	5.495835059790727	2.8198584009139034	3.73544344609508	4.338974162015237	3.6999514962016864	3.44406414679327	sRNA898557-Salmonella
2.5012335958026966	2.1958497824575	2.641669380531247	3.972722008763153	2.004763150568147	2.0547875095597132	2.5574697963588733	3.46312428669136	2.7670938895726502	2.1232093019818934	1.7407807885259607	2.5178131522167835	sRNA898738-Salmonella
5.508241543213163	2.2785641559623135	2.58986683310287	6.082858913404904	3.473429100233	7.695954030747013	6.095797530294447	5.42410547539864	7.0086128934182534	5.61533776894528	2.5077090047448434	5.369625433471933	sRNA901248-Salmonella
2.19994984732635	1.0923524927244344	2.2095219253604665	3.06805667565561	2.0054585205946336	5.079082939710124	4.29683545001345	1.9901528427063233	4.2091439524429335	3.71391119803857	1.7358411665732214	2.482720804022467	RybA-Salmonella
7.383418889192403	6.009378503138133	5.57049019055446	6.946597175995663	6.0365978915062	6.7005985171765206	5.449628684187797	5.468373430964793	5.440236951431744	6.119788042573753	6.7678797459808004	5.9012000057399	sRNA908052-Salmonella
5.122765826297757	4.101631635782294	3.67500115545085	7.119847386004286	2.2215413118519765	4.41385533493257	2.3003003399149264	6.0658500758775	3.6104422610094566	4.544961863746686	4.562021721770747	3.7726462814678303	STnc1200-Salmonella
3.4056744638743632	2.733141673891163	3.8777092889085933	4.644034291003663	2.4671821281944766	3.84575581357475	1.6182543647985068	2.933222165558503	2.3052422947446134	3.0138945972954834	3.09036624776582	2.6508733263207533	STnc1710-Salmonella
1.2753799628313243	1.75780698914933	1.305232244323613	2.941277725238977	1.337374104018289	2.6425706866523035	1.6769237093364997	1.6042322457672626	1.54650250419145	1.57790204809314	2.37902586506797	1.54448845110414	sRNA978535-Salmonella
2.4466532573494666	1.71024725518866	1.20527011417707	1.8806072684441935	2.4020772508990897	2.563541209502353	1.2972721146311403	2.10352096588752	2.20823763620164	2.320052387593833	2.0071805747355036	1.6705308264768668	sRNA982481-Salmonella
4.264085891798174	2.9726571302195333	4.999814478664893	3.4430247633413833	3.1576669401093667	4.187266230020743	3.78760855158516	3.4693778832658935	3.9870243882017133	3.8510252643228533	4.430154368819287	3.6464779773918665	sRNA993011-Salmonella
3.9318230302612767	3.89333401698068	5.427619240028177	2.6244246238125633	4.71215211394315	4.5234507329940365	4.079818461117734	3.911534481938613	3.676396366829407	3.0517706702979734	3.8671033624563367	3.7651079956390636	sRNA993137-Salmonella
3.685923278169893	3.1040741020423632	1.8234605703396667	3.31367306214423	1.9814625006973634	0.6359182962766406	1.710469714676337	2.8980905020284933	1.1580020799124666	1.35633280313747	3.0207612139834565	4.186300781037387	sRNA1014845-Salmonella
3.493337558424803	3.85976361583733	1.86882188055729	4.76392184342247	3.31467993195677	1.3493055010186783	2.35080285414452	2.9699534828255465	1.8215945805770233	1.8160179268200933	4.35960137154522	2.5547332307768933	sRNA1015188-Salmonella
0.3697661696831343	1.6144828386344834	2.055174307956653	1.9428089137877367	0.7708435481129506	1.362052688740192	0.6869194938125507	0.8556774520702586	1.69429944730857	1.723680126415584	1.4267510376346344	1.1913331372128586	sRNA1043460-Salmonella
1.351533948943221	1.247857005257154	1.1515691440627938	2.38393120319701	0.534178802693678	0.7239957702448406	0.7502744422939147	1.1981019474593637	0.618559723089951	0.9175106132883714	1.45281226519575	1.048729603220664	sRNA1047489-Salmonella
2.3105329732975948	1.43043396884507	2.1538564445186834	1.7194518838410544	1.6607072903136615	1.6116067069854974	2.196518748202967	1.201703081356837	1.7791290182084667	1.0275424083986033	1.6722996771849468	1.45704837795949	STnc3350-Salmonella
4.807105153780477	4.704841254083047	2.9885020449759	7.06458325690951	3.8049484351268137	4.9622444304273765	4.519205013207556	5.610827690151393	7.338512957751259	4.502315414192407	5.07188593779862	3.95723653379373	sRNA1066222-Salmonella
4.304035478470293	3.11022554288985	3.339792448523297	4.8878052300977	2.5529455303167166	2.5800778157994033	2.638518139351133	3.257772041581603	2.99211207663684	2.25896149605034	3.7579067420509733	3.5329946112089465	sRNA1116549-Salmonella
4.49631658047303	4.633997849679517	4.91811522960447	4.923865276745733	4.0179462618792865	5.00524971663606	5.45692344297442	4.6699088400999695	6.8159523463437734	4.61512610131151	4.277051755283617	5.421628106046537	sRNA1118334-Salmonella
3.6186833833868635	3.08098410209668	3.036790926689	2.5164925154815267	2.3730862649356466	2.54128976893979	4.01256509425134	2.2294446446309366	2.340888610659131	2.30386030632089	3.072459384134443	3.2915468801920733	sRNA1141227-Salmonella
2.2848482639532635	1.081125723140794	0.578226859178069	3.9777390255604765	0.5334993202909156	1.041933791859107	0.423916972344499	1.6388295125376722	0.5366972744409003	0.5331779544289597	2.28522229182021	1.9580728476310099	STnc1880-Salmonella
6.81305376365573	6.16150907721909	6.3503741993817435	9.401811125493508	6.6410357923666	10.598056346547233	8.193170085619176	6.8583133761156665	9.42429881009265	9.105510208652985	6.2148142082853965	7.564545975334377	sRNA1170414-Salmonella
2.0404253185618773	2.1166499313779332	1.2125306041925863	3.11352521207942	1.047058846306739	2.2874212365384667	1.3996937745139433	1.9758511969639267	1.4850396905838124	1.5840228649125345	2.7768905294985036	2.500647112110417	STnc500-Salmonella
1.4899245979941254	1.4174550049558987	1.6136224304289537	0.9436741751619127	0.5982097902561443	1.7463324766180233	0.306071902775705	0.8996983640510576	0.7922361731449457	0.4621818870414657	0.8734975846318677	1.6418252185982734	sRNA1210988-Salmonella
1.7471065952000133	1.92738374004802	1.6704486889202965	1.5820811335308087	1.1929406604543566	2.2021443159057066	1.0982527580469144	1.4245059284101933	1.2397170383518443	1.27180846310572	2.0765064347914635	1.4196882823432	sRNA1227716-Salmonella
1.2017807263955047	0.8451439595792607	1.142472535198845	2.2979360959713135	0.682131670361509	2.5586078220532866	0.6601592585768813	1.3416744609940687	1.4588213509887944	2.13962748830882	1.4650798243360066	1.2744186312569679	sRNA1227939-Salmonella
5.687571305177563	5.64866939402821	5.471757997411063	5.2956564821281065	4.130237211997587	6.076187720282877	6.05023998912343	5.53903582110945	4.802948973306074	5.84850339491984	5.44214203191067	6.944753906752763	sRNA1242409-Salmonella
4.75152851143002	3.6496675535505667	4.4237404598594035	5.3147889093640135	3.17035890245604	5.102106960765823	4.603946954215886	4.150089497796717	3.630150337351503	3.7029509580722	3.857346105462243	5.747536522974164	STnc150-Salmonella
5.588366785393893	3.48526808928437	1.6044888161275457	5.174693949155354	3.147504861888007	2.99696039391498	2.9072251521521166	3.6295504955279765	3.1910449496352897	2.5593991489671732	4.04686011407654	3.895993951725543	IsrC-Salmonella
6.591864127215847	3.7732724927874233	4.77333319170169	6.649234869803263	4.94641884778282	6.4098403984383365	3.28833681361104	7.192290881328547	5.602682522739457	9.635210935113683	6.001991231030083	5.61607300648806	sRNA1288534-Salmonella
3.439741333951593	2.1100292223425967	1.60971536810523	5.0212873628609795	0.999031193869937	2.5961955703762567	1.6818106451806152	2.84910079798018	2.36756047005149	3.6977860735023533	2.962295027302323	2.54547472208643	STnc3420-Salmonella
7.65267993294253	5.790020005762924	6.4428226381739995	11.3426780230207	5.969941342880387	8.906546087350323	7.177736991900907	5.636528235185294	6.869017704731974	8.668649590974443	7.520019765759623	7.7229515986707336	sRNA1290392-Salmonella
6.69982040778393	5.485538214960786	6.21839684023575	12.644202588791167	4.569037699000177	8.495074959133673	5.9821197232889665	7.27052425030454	6.1377755240949305	7.03430849306595	7.405091589673247	7.25777348572781	STnc520-Salmonella
3.62878572196172	2.630423329463957	1.7614036481381967	8.695838698903273	1.239844066204843	4.9391710479413	1.077903991402009	1.6811278000800987	3.7918042679396	5.541423681381697	4.414127217230076	3.178803957755497	sRNA1291436-Salmonella
1.4626543888784387	0.9482238458014547	2.2162061186467694	4.880590965374051	1.0099619451938933	2.6435519584147467	1.3648342348245934	1.0108799277431444	0.8825596732885593	1.4710743952452257	2.05127402221194	1.4811329536237	sRNA1291652-Salmonella
0.7261146043447656	1.2594190412941606	1.6435206030119733	4.140714731303376	5.8647908084012865	2.67992259466983	2.5370477073685964	1.1318227636543448	4.85262851756464	1.9990911280281733	1.99699604744962	2.3871126928216935	sRNA1291754-Salmonella
4.868020958199577	3.1731387250000265	4.20310567676537	4.116104383879554	3.4671772798659064	3.5292728229955332	1.3392306960447766	6.530770791603927	3.5061124326879303	6.03285561037303	4.935048443300016	5.01524157739737	sRNA1305985-Salmonella
6.619368046065944	7.2473433036694	7.884036300604627	8.653988295978161	6.788977682908497	8.467119556363373	7.36144302908386	8.764396665475157	7.125392381632723	11.2958123621192	8.558314551396906	7.430193178747497	STnc1480-Salmonella
1.322778117748949	1.001949456410268	0.2505217105280875	0.592817870740344	0.3656305464217177	1.7564345070792742	0.08520234398675026	0.778607002781862	0.4268591656870001	0.2122934904733057	0.42948463131809583	0.7024357231655903	sRNA1320716-Salmonella
1.4553995470808	0.5228854548969477	0.47242268963254097	1.1876218920851345	0.8895351285544477	1.2569231410983457	0.5174284798708	0.7540490900534816	1.2056903804694823	0.4341028008223483	1.5734519721919566	0.912063458497301	sRNA1321782-Salmonella
4.874471562226637	3.760525610378927	3.495138472759857	4.463584354323993	3.72987544142971	3.784224931423493	4.603657547521457	4.3929399382327565	4.224443897913144	3.0782769892393267	3.9806305841186	4.778825275053987	sRNA1327889-Salmonella
4.2533277793794	4.077142895503603	3.3453454268435037	5.16068931650227	2.61707173267487	4.77261411542751	3.9187101097111436	4.088546626380326	3.22257574049801	4.509483147292373	3.8980511866722534	3.83127710098877	sRNA1368901-Salmonella
3.9481819635322166	3.5753657968764134	3.64471546595667	5.163796414542003	3.1786498865418236	4.7417586298443295	3.5209253366215068	3.2541062174063136	3.54848538000511	4.759790589539033	4.591961995805387	4.156199051229017	RprA-Salmonella
7.554810131974243	7.663302768269986	7.784555070411264	9.448916063396924	7.678019557030447	8.773140801383706	9.009312865266383	7.4459691346642165	7.949678454753497	8.617366321368294	7.5868026054152065	8.074341631572013	sRNA1416448-Salmonella
9.549325348888651	8.17565991474856	7.586090955515206	9.132094132494933	6.953400309035893	6.729178235927066	5.329378675443474	6.75944722249068	6.179207864058143	6.019059761142014	8.041509907234714	8.48396610109406	sRNA1418228-Salmonella
1.6522759237854243	4.027970365866307	2.0780454674540403	5.29263111414884	3.5621646670751566	3.7162735702408867	1.5570832897072804	2.38522891163887	4.2220301839229	4.208807933773876	4.344274841499306	2.3992560981988236	sRNA1485358-Salmonella
4.32943679243361	4.1125844642845735	4.341958116975096	5.310147154537823	3.45397060598817	4.71529515761211	4.249163961800684	4.790876476482397	4.885896860043623	4.341350068143964	3.282927241125227	3.658681243383	STnc3500-Salmonella
5.24653625321001	3.3662530460822997	2.8225202773532336	3.43837959135177	2.623740834026193	3.445555914525753	2.6204381307685733	2.97157301593603	3.0546721825279834	3.651234629443793	4.284298744502367	5.4173226585007	STnc3480-Salmonella
-0.25476400137817135	0.037909523686000667	-0.027142770766812704	0.10816937063163139	-0.23150570927781067	0.799117408035344	-0.22658869659624134	1.0475818793079263	-0.110974936166116	2.6261212368304534	0.1872627296083753	0.4929942718206734	sRNA1548865-Salmonella
5.466891975531443	5.253983920726626	5.11059987496688	6.97365793791289	5.0144608845677	7.52116113931694	5.581958173295003	6.021553171556403	5.9222750600333995	6.5089501953486035	4.580686309330726	8.091944502096263	MgrR-Salmonella
5.997375309237404	6.142521084659453	5.997878075443613	7.331115382817207	6.644135373715287	6.27882996459208	6.13938952129915	6.012482198994807	5.9865405448033195	5.576652906495236	6.587111612293347	5.947505656303907	IsrF-Salmonella
3.8699470523455397	1.8712956053304535	2.100283114520635	4.33133372397959	1.9158928773381734	2.1540251032351034	1.58154775834932	4.0668581091725695	1.584103963545504	2.560211944706093	2.8622762035626064	2.70015382594486	sRNA1600950-Salmonella
7.4138019775309365	7.0526168032686565	7.932620538090363	9.751167873246503	7.005055363477547	9.821292996555602	8.083427136164426	8.456102342864387	7.565161262262947	10.040362910321598	8.18023041779029	8.132065912020234	STnc1110-Salmonella
2.450597621595833	2.0827300781071765	1.83013218918047	5.475536688550827	0.2861935074112915	1.5906048977448533	0.6450021159362094	2.19622954700062	0.31569893405365235	1.4900528055068976	2.63975587002358	1.532014013567317	sRNA1676281-Salmonella
4.265035698576283	2.3045645068556433	4.3379378169295935	2.640678406447713	2.5123041569028866	3.167303702468317	4.21182614062848	3.508024720550287	1.89911937785319	3.47322672015046	3.2787261708114666	4.241263525454364	RydC-Salmonella
0.20868629378787965	0.9883622650639717	1.0874715536751682	1.62606072346779	0.7362661512373759	2.8128588506125665	0.776509221219413	3.01810380162036	1.1410517226276484	4.838182401771503	1.111027378026781	2.1796710556088437	sRNA1706658-Salmonella
2.07045834079632	5.53834753833427	7.444649747333163	9.129075244537619	1.8268145541563099	2.7125791934867167	1.5882620448401306	4.264686470673843	0.8399191273623133	4.25893785913672	6.856009484629837	4.057363241555064	FrnS-Salmonella
3.6938861472209537	3.1143178749467397	2.24351448668657	5.2413600511533165	2.7750961556720366	3.901880857999777	3.3165174979742935	5.258345970384337	2.6958848259036934	6.24493750636611	3.8353741369541603	3.9796338196882433	sRNA1723671-Salmonella
2.250721610713757	2.340585823323903	3.1439329395506035	3.823496849343727	2.428223842449067	3.0006685804563067	2.193355429391368	1.9110291276649667	2.9974782862459466	1.184560572105792	2.2004545051035755	1.9433549962090233	sRNA1753147-Salmonella
6.40662818953713	6.125228485670743	4.722416191667906	7.2649361923102695	3.7937950995544862	6.054331138026777	3.1886993391153466	6.057393712908587	6.297971134334103	4.597092604858837	5.249069381789253	4.2527930561412965	sRNA1764707-Salmonella
2.75321111241116	2.4509330814272534	0.9066320706353097	2.139997371762392	0.8635675329166127	0.999271200273141	1.0970168905860638	2.015251852598988	1.3343554556429016	1.5518266310029534	2.8003989178527533	2.864308425765077	sRNA1769418-Salmonella
1.407887632079871	1.2972366008273533	0.6973668915283363	2.42802278201946	0.7084728494083207	2.0573042309868397	1.68678077801499	1.7412213819909292	0.7986845229403804	0.8736069072236037	0.9851328954601833	1.205122868274793	sRNA1775237-Salmonella
10.901857873358699	9.411786595166333	10.031311366886158	10.5678369311778	9.665887424927273	9.891477266433146	10.3873916413132	10.02978582830772	10.453177886086268	8.686872247575927	10.285600931366467	10.806700178915833	STnc1270-Salmonella
1.8664380088166874	1.2453424406624944	1.5790946737658946	3.123137482814777	0.9655694580809336	1.8948290536819408	0.48765587471829336	1.1455056626331237	1.605093465713709	1.516135447612517	1.0903925294181844	1.3118434223366449	sRNA1799792-Salmonella
1.362448726319914	1.5846714566467868	1.0309006252735373	3.4106960372874933	0.884545859775012	1.5634675916257392	0.9640122110034294	2.08036566587985	0.722934660871896	1.1834864185132263	1.6466982596520767	1.3083288814785257	sRNA1804100-Salmonella
10.581589345436933	7.404315483194447	7.340172187610883	7.94365497935614	6.959299269476267	5.562800103882437	6.672921160688913	7.28044984166242	5.811264672573957	5.17428654999903	7.575136839895533	9.746075459207303	sRNA1809591-Salmonella
2.1763803343377672	2.2496775056341862	1.94430769149734	4.118182511904856	1.5866449339118833	4.7257071275711935	2.5244239539357833	3.0762619123413266	3.2311140041022264	2.9658933007440966	3.0313611061225134	2.5409573671798134	STnc3600-Salmonella
6.938740936687917	6.38156454512402	6.617930061691434	5.221705637116321	6.39242530578788	3.4057722854048067	5.995868577257917	6.388702563391857	3.90179795597202	5.650600975034017	5.761877501284183	8.367578831868954	sRNA1834529-Salmonella
4.629403916248283	4.634220886194633	4.276775905724997	6.175805124535547	4.2752172917968	5.93288525303354	5.611542135147476	4.721408924667103	6.666143819576347	4.4850858862049865	4.432660550830787	4.048129026756927	STnc3610-Salmonella
3.0191627359793403	1.375549642067035	1.591643822988912	6.877068668477434	0.46663411248043707	3.671600868266553	0.32041194855665833	1.1795645541130244	1.9251480719794547	2.86616484929543	2.056178649466968	1.74442596576791	sRNA1885987-Salmonella
5.466598383793567	5.295116620969724	3.0027409532358167	6.79849014911607	4.226823736675364	3.5112882567719765	1.98130021853632	4.2485457628578	2.994886002557757	2.528661571734717	5.71267806727477	3.5303603846423965	STnc3630-Salmonella
2.7299194148022465	1.8395793186756733	1.957010211239	2.430511730639427	2.3427404632915434	2.2196233160781134	2.87611606573034	2.41115775789689	2.3284850730482534	3.3565490663315365	2.2449668673939067	2.15624721826241	sRNA1909049-Salmonella
4.5106745889224635	3.6689611281208565	3.69330671443034	6.18027357313938	3.3636467261221	4.194429589330847	2.35042176477876	3.6006669140721232	2.58407933728776	3.6568630225741168	4.4468371265744535	3.1459768509738133	sRNA1912451-Salmonella
3.0795170483206733	3.247325355860143	2.1726979991952935	4.25242105101458	3.32036810306922	3.0203686574627433	1.7051177995276834	3.4913008019160134	1.738231978941879	3.33898026791165	3.8396019698674966	3.76683086029315	sRNA1913155-Salmonella
2.9399890008506	3.1486894131117267	2.8670125370453032	4.164985514515487	2.8891571629507498	4.64940739781113	4.436374907237137	3.681006932606907	3.9825336882359035	4.746600613965324	3.79957327577082	2.6442518882256834	STnc1130-Salmonella
3.7653335773516665	1.4864050406983567	1.7825048771737366	6.364759999339763	1.9653320527228602	3.682695784836	0.859720709863043	1.4645414143004234	2.9497777058218233	2.1224616516637766	1.9512696352230265	2.6058163282591633	STnc3640-Salmonella
5.764655232026927	3.11770404934434	4.26909848878169	5.997711428684633	9.161226241928453	8.428283880220057	8.522911029712366	3.96848142949395	9.402386765297207	3.81391677345931	3.7324063593483365	5.03364212698615	sRNA1922930-Salmonella
7.126092365690644	6.216468944905453	6.4775344990635935	8.57184234768118	5.231018876812366	9.303521528646323	6.25273482743208	5.87738192311036	10.018630681916568	5.449126886811986	5.5880954481292635	7.589014010189446	SraC-Salmonella
3.6217831015547968	3.544101459436007	2.4183770315681934	3.5797658652093167	4.061240914101546	3.70099500410678	4.754026622083777	3.9376172796940034	3.8726172903034435	4.933339054188157	3.28662416607063	3.762635673143847	sRNA1954465-Salmonella
2.2685369219037	0.9632286439926473	1.2885837782174954	2.28684125670296	1.3874338238081547	1.6164669729530343	1.2683414900601113	1.9338888161203234	0.9267210855190743	1.4551404444921534	2.602558348932323	1.4171732945163538	sRNA1954754-Salmonella
4.0830053259986405	3.16567723794874	3.737056452462957	3.0092422492367668	2.4902260812670733	2.59136982560636	2.6809671197876885	1.51449994717311	3.0750056897303732	2.8015065290205303	2.4875067094009067	3.8173423837214697	RyeF-Salmonella
0.8334883936287704	0.9840172957418767	1.2062412196548884	1.7497724585653514	0.3628218410488883	1.58735120655517	0.4872426081365803	0.9780596592654067	1.6383624780071215	1.244420907988047	0.9725886159182624	1.8155414673299333	sRNA1978641-Salmonella
6.44334700765239	5.264288784733614	5.0079409268060004	5.533131551964783	4.66967300213506	4.265586269757334	3.2261360946638367	5.469121918490717	3.92901346219838	4.8287404789801665	6.415819732098253	4.94850607926681	sRNA1990615-Salmonella
10.385129578769533	7.978223978434637	6.899965911722333	8.638026899184593	7.708063376050854	6.24087967204783	4.837130244714093	7.06354070195279	5.826134607094807	2.7802194657084236	7.865716832246017	8.550226296638339	STnc2180-Salmonella
4.0862202156680265	4.01720540673518	1.76084701037305	5.614370106603617	2.11487685347987	3.8189606576764867	1.6857788695871676	2.9775900336169268	2.5694264321849367	3.6175450480324534	4.349319685399687	3.138250129172057	sRNA1996681-Salmonella
2.3811232229887667	2.5611874858447266	3.4114749188705464	2.9487020888319733	3.4300276600096535	3.4049944176536635	2.42509172035896	2.9855534650523667	3.390774322711183	3.2600087221130365	2.7154935583994932	2.8198968322651368	sRNA2001590-Salmonella
1.227562646624477	0.96277084683488	1.9865628139310796	1.7597045759787617	0.41189837057406964	3.3805053988805533	0.5939265236672994	1.5082885336689411	1.506327541743703	3.5120152129275666	1.3567528005588265	1.3993535119121294	DsrA-Salmonella
1.6255083195182893	1.2029170676586771	1.6320329409632113	4.607548028405517	0.459079972989446	1.9607074825040334	0.8184700493360317	2.24832659090044	1.8148765515753633	1.9228255655024786	2.2006065083055733	2.83992324748048	sRNA2037036-Salmonella
4.2908220095571	4.089252368902754	3.8122534952000566	8.016139521396344	3.8974623200057565	5.720969555586874	4.201642851210414	4.711492070394047	4.677246979656073	4.654850467035863	4.585393609482537	3.793279670548903	sRNA2039748-Salmonella
3.1003701394568766	4.3721885953959	3.5991459791801232	9.017572991032143	3.139010931576763	6.15612929599212	3.5818286436650633	4.53347946003573	4.89392144048136	5.343644022376707	5.43615929247283	4.775949932406017	STnc1280-Salmonella
5.165096400019917	4.073408196825497	4.654107537972586	5.289264701819484	4.532990963280293	5.145214912471406	4.7880073907544265	5.48535333717511	5.347608168953934	4.519800161888074	3.7388889186509497	6.077202166569483	STnc1310-Salmonella
2.8597274459726134	2.2779208655982734	2.4312968534012267	5.370865312677413	1.9195556864880645	3.44736990260754	2.7267253138808933	1.91723172333488	1.9188113349511267	3.5589764411410267	2.9555609029758734	3.9628175265804297	sRNA2073454-Salmonella
7.050066957637147	3.667007410331877	4.471460934933317	4.942907560022706	2.3040657086790164	1.7413756871171668	1.73819115281266	3.09250822981101	1.704166501017243	1.356111453956826	3.8472745069554803	6.609588526274534	STnc2050-Salmonella
3.04721012255971	2.30375798948155	1.9935094135691236	2.4895387853616833	1.96040792606308	2.530070347142457	1.6748854393852817	2.91606929470689	2.0689524660488465	1.9167189018499	2.461330520393077	2.7541398887941466	STnc3680-Salmonella
0.10696670147782134	4.505543953383277	6.07176062453526	7.7641804794019595	2.4545291362199335	2.286522796583913	1.4562485337775233	2.9947078856677836	1.334872769449903	5.14139960222722	6.091813098905104	2.7193259433674966	sRNA2111563-Salmonella
1.8665495827236807	5.305590165435313	6.384043195001467	9.128867424307877	2.26869975574694	4.090097524752746	1.375296941792012	4.4176527452889465	2.09065328506584	5.207160220575643	7.13750388634146	3.182771291629843	sRNA2111772-Salmonella
3.507948762328447	3.1493954933667436	3.914500122562227	5.299427243879643	2.8146277653243965	5.21660160977498	3.5905312408281835	4.511262811679144	5.755269804688987	3.63792456698467	3.1282065061839033	5.27438800051042	STnc700-Salmonella
3.21764799713481	2.2482138440329535	2.562951852400315	3.469480907371307	1.458940589157862	1.7895849703847617	0.887760526640332	2.4491348944492097	1.1236199991459672	1.5990564886061467	2.8320029259702433	1.73167758095518	sRNA2176371-Salmonella
5.012570566048439	3.4940532750869497	4.4001619410779504	5.936798897066673	3.0696772340249834	4.712460653153824	4.4989897218553665	3.9508937374286432	4.67986875345961	4.111454352440753	4.315594855090256	7.03948871737985	RyeC-Salmonella
5.501222926039357	4.03907712767552	5.59935671275508	7.3357230409386895	5.094283476260356	5.9946387527439935	7.245316749556286	4.488722568699114	5.049447757026167	5.867314408343793	4.479695834674567	7.15285701702111	STnc1150-Salmonella
2.774512305345873	2.9276912638821533	4.05945137425488	6.344919749748383	2.1194692489822335	4.93783259456415	2.3787047482687234	1.6633922965040344	2.49903937198889	4.807568349067757	4.969418648285447	4.626333451697509	CyaR-Salmonella
2.6761406272891066	1.8074083715446467	2.388368242703013	1.53068190444697	2.1536488997892445	2.6792353301355765	1.576022208213959	2.2476357537890066	1.4545087197894357	2.0941434645372032	1.6746897511865266	2.1624784519919467	sRNA2239569-Salmonella
3.4985979065660002	2.565029586473747	3.08464704448238	5.949360053965823	1.9724233204133792	7.669343118952447	2.11083612414348	4.89798476826799	4.471436354286663	5.3031817253216404	2.77257389796885	3.8970330132884534	STnc1330-Salmonella
0.975023064935516	0.06480162404593798	0.8506297328811424	0.54472792738031	0.5395080289114721	1.1298605472431653	0.23599982035835543	0.6232432998542817	0.39922329983261573	0.44142482556030316	0.047379647153888836	0.81849883883186	sRNA2277763-Salmonella
4.962584963201737	6.19193108090421	6.371144805146661	10.392978134154934	5.61745510771046	10.4396688164918	3.2600336606394036	3.8084516618271067	9.139847676751847	6.76687360904819	9.984202701336754	5.115605297679717	sRNA2285422-Salmonella
1.5212392588591266	1.4659842590490004	1.0350506129473676	1.5636864279706046	1.1642377160699593	2.182708223322823	0.45230050596619703	1.295609149596797	1.8538370393273393	1.3588757976941874	1.7123566194466318	2.91410954342165	sRNA2288832-Salmonella
4.435016534021626	3.9550226061515303	3.494861435779757	3.74147153192634	2.6941876640642866	3.8775237949235968	2.666351673210113	3.2455918600341165	4.178102163698333	1.6726819883167887	2.951399554915873	5.6088894792905135	STnc3010-Salmonella
2.0284461186115665	1.1367565691008734	0.856267349340756	1.5542847031803917	0.7161674699511603	1.1170776572347763	0.7667104969488716	0.6647638227256186	1.3088858540189008	0.49900448897282934	0.9357910786986847	1.7284525915636333	sRNA2311944-Salmonella
4.19714934384266	6.109439999868823	6.905296878848417	9.788213296884223	4.519933841252387	6.953015439303513	4.984183499720246	6.847816683056314	5.734616766416363	6.191467938484763	6.400723867816737	5.464223460528413	STnc1340-Salmonella
0.7666437623758093	-0.027653772713264333	0.19012392372515444	1.5172591502045307	-0.062302792420465235	1.3670397080845524	-0.05142623278851217	1.4075504713112668	-0.05058590096575257	1.0385439446874174	0.9029493941416095	1.6873565993994797	IsrG-Salmonella
3.3291667410721066	3.20899922800452	3.9553430161245466	1.3618454806533733	2.0552562460885566	2.11191450233748	3.9608566847895967	2.28168356009598	3.5030684061894966	2.8121847577590002	2.55748161408037	2.1389142774244867	sRNA2364248-Salmonella
2.1257726110321733	1.6355970479111734	2.1145554585354835	2.1418007777601367	1.8540674323677933	1.2361141445931263	2.0130765720345534	1.89280369522846	2.05535302221074	1.285907023625614	1.3603658937279293	1.8928774955245367	sRNA2364333-Salmonella
3.88332646378427	3.5962982863213533	3.0026425246545667	5.096196329777853	3.2621150469064	1.67887171743898	3.27234716008203	3.455436708532807	3.260895616330967	2.7492271553520866	3.44054089104559	5.059356569861934	MicF-Salmonella
4.377046016228837	3.2843996470131835	3.14170075493322	3.4075541939309435	2.6489746796640534	3.249336299930327	2.897333655199237	4.3006769419208535	3.1866356743489836	2.73836850942088	4.222941519459313	4.717227952252514	sRNA2374312-Salmonella
1.9872416598811367	5.194392685415926	3.95273720188399	5.36671330819248	1.5674167052568033	2.3224090345964643	1.7370860354529665	4.144540064542476	1.7204690298344834	2.5433956300051266	3.562711853570553	2.2500923317897232	IsrH_1_2-Salmonella
2.667080655636643	4.279153824159633	3.1425482378142835	3.7534297043622336	3.3454321348849367	4.83174279627454	3.47756724296582	3.0732441420840364	3.7839006171398566	2.9828420062086902	4.379063986917373	3.3418790607053968	sRNA2421910-Salmonella
1.55553953236204	3.0596400150075267	3.0103414582727934	1.8706484111284167	3.8091728257574236	3.08744727050804	4.098134445734333	2.4376635236328132	3.085384088439987	4.05441600814581	2.9456441870366734	3.6049506928692234	sRNA2425315-Salmonella
1.4276414687114334	2.0436997795551233	3.4319940692911635	3.6027161856581436	1.20756065952197	2.8580422824369367	2.63255836258725	3.13158939399846	3.100501114040813	3.1612549259690432	2.6113619698202233	3.4228644580133736	sRNA2437186-Salmonella
4.913781349655147	5.97143177216971	6.380008044732863	7.693856833563493	5.7154044717879335	6.82832763716104	6.7831947279409635	6.860197400198807	6.444580769946233	6.9130364396834	5.56950341676275	6.205508307787446	sRNA2437382-Salmonella
7.466323912959607	7.18272859166841	5.2770205416537435	9.988014740511957	5.200419720674433	7.49650062729564	5.029061111980903	7.89879763706765	6.664387298588353	7.060960101720993	6.863785275758573	7.11962010438964	sRNA2439004-Salmonella
4.73988766701004	4.5116680574431065	3.723084913878807	5.593388973335894	4.35608692525428	5.212486744014277	3.6048403757596965	4.828983871701023	4.354283893489307	4.536108574209893	3.5997524153088234	5.92478156315284	sRNA2445415-Salmonella
0.3497742420436553	0.46356753268982936	1.9259167633691616	0.414511781214219	0.011609060036224765	2.7081527385197366	1.145203308099015	0.04454507650498	0.14459437588476343	0.4431261817814419	0.506803639214784	1.1949061116695148	sRNA2462088-Salmonella
1.6936436996639332	2.82912790186589	3.4184168148314433	4.37867186823118	3.4918219527591634	4.951208704130763	2.75219737377717	4.462927958634887	3.9216800182767533	4.771195793061583	3.8311396826593467	2.59545158106347	sRNA2499837-Salmonella
4.3269859073893	1.62959372011294	1.71640325660204	3.4098010403884533	1.803582612338452	1.5171930198376524	0.9810953127740557	2.3233645235350067	1.7463967479932856	2.58988651889692	1.0256796298538393	3.37951491592503	STnc3750-Salmonella
2.0211624896197566	1.3259873333442176	1.74605321385178	3.9834313367635468	0.9505101614211576	1.5086829368575998	1.0869016403536853	1.8826715949222634	1.2417736951385947	1.5327955595297313	1.9465099363689935	1.4681107888160692	tpke70-Salmonella
2.090066121563363	1.4179006368822784	1.1126908854724733	1.962721545556712	1.86040602147535	1.4767262763371907	1.9061301012676233	1.4002886082300183	0.9317625695494497	1.9336937660356204	1.5563779348637934	1.4009041221815266	sRNA2514922-Salmonella
0.38399124104140203	1.336846558171853	0.37628130056135234	1.9666625811269527	0.4732941912670323	0.1168602652285442	0.14368291337523	1.4726735668100202	0.6522564496013883	0.9595707315104194	1.6505110109183567	2.03399972590466	STnc3760-Salmonella
1.2546844632801983	1.1137357732681161	1.0445462575806965	2.4044997463372235	2.6489553976066835	4.068906818115637	3.611561897981687	1.5891530578533033	2.5701903347974566	2.2530099804838333	1.3926735051022396	1.7397182365335166	sRNA2522758-Salmonella
7.26021086914852	7.482578555206244	8.044279582678076	6.8989400785185	6.7909204056483805	4.47873265916364	5.98234297869241	7.62474112377784	7.124072891563433	5.500976063130723	7.798079053671253	6.298189169528203	sRNA2542137-Salmonella
-0.37962054575330134	-0.388989788556309	0.123781929884989	4.036096029537283	-0.19603118322529964	2.3250101183583736	-0.17835978795745966	-0.01213460146287867	0.08932750940834258	2.0862470386943768	0.4467208198873277	0.7609770902173347	sRNA2576882-Salmonella
1.9047140061268417	2.1840877836386268	2.8574303743128366	4.584844216556837	2.41281578222231	3.59722239863821	2.063598507508283	2.13780722178338	2.666576945772733	2.09720445431049	3.442756305643693	3.2738757089923367	sRNA2594638-Salmonella
4.36273513696936	3.56544023535714	4.75311050615014	6.07242855785932	3.01004083777646	5.2731219968602865	4.174856881299413	4.9704800546560035	4.977610716168047	3.169105345181437	3.8061554953598504	4.561940598173456	sRNA2656150-Salmonella
2.389548126952697	0.493393454984955	0.9677747653791803	0.5382155101639707	1.0169258888158557	0.357047970562568	2.5314662354989768	1.5009591498128398	0.9715238356311837	0.6557959851423903	1.2740810387166333	1.0709952664883322	sRNA2657631-Salmonella
0.25897249837045566	-0.577770560399926	0.08180371184910368	0.11328189751541863	-0.344318690597617	-0.45871190252002625	-0.464512022424891	-0.658713502171482	-0.16890319683602095	-0.4428673222266236	0.05828166044491455	1.0953577315003433	STnc2070-Salmonella
8.163768215723923	7.8896855821018566	8.175460014519674	10.525660698111366	9.213595599281666	8.884111184161803	9.28448124996048	8.112934850281249	7.978026590082903	10.536558569808033	8.883932890044889	10.445230587993333	ryfA-Salmonella
3.29330018696868	2.5022000292491398	3.7657686282051133	2.3681237088964435	2.96713587829138	4.1852062839104995	3.80429492301717	1.6713439347287933	3.9298825654640868	1.8841216238069733	2.431946415942119	5.6914560962838	sRNA2678384-Salmonella
1.584067806970461	2.83528968115271	2.3474836836064132	4.340420544279817	2.0598581535443365	2.812100034389263	2.09377156175046	3.8962301585574766	3.298521202634047	1.9521855131252193	3.0868809117974365	3.2488919785946466	sRNA2692792-Salmonella
7.47455695955023	5.5729522338857365	6.16895628043719	8.853815534569767	5.33784542828324	7.02226139384027	5.697954815703513	7.266489522309957	7.22085535020186	8.84896510464171	7.152654031311856	9.19553625589951	GlmY-Salmonella
3.83130947866987	2.1254536586772566	1.11516512798603	3.785175585342687	0.20203902769413074	0.8822779765658693	0.22484065948130566	1.9132174653446263	0.22281798545157136	0.51120250193928	0.9475708650960627	1.2402891742553421	sRNA2723182-Salmonella
2.678735094871893	1.81143610940514	1.004530657390071	3.755601586714147	1.1206034925730672	2.0161076331586	0.9467164921432414	2.49749765957	1.3821293335080176	2.2881405053921435	2.1028439285341967	2.480422437379753	sRNA2726526-Salmonella
1.95546272080182	0.820636367228098	1.488620396815504	3.3619921980531933	0.8164183753227984	2.71767420852006	1.385562029122678	2.5925602626423765	2.0552579543858336	4.646943534816439	2.401009413815163	1.7409587200310699	sRNA2728577-Salmonella
6.485303309875407	5.49595554487539	5.118149236069903	6.179590788993954	5.216642075773644	4.287669638298659	3.788527438262733	5.76205520357895	3.430914270399893	4.435980116323243	6.14147222434697	4.647323715139089	STnc1380-Salmonella
2.901082967349473	2.04827750112629	2.2095287114476	2.2721063792765497	2.0454474853991766	2.7216955682811967	2.7719916231022768	2.1211499135201937	2.6432070707391535	2.26550184810197	3.0624140447055135	1.94884596081136	STnc1920-Salmonella
6.029141967576477	7.898180970134566	7.6717872133461364	9.083000066162034	5.18669712660055	8.137573182786587	5.499992152401246	7.335911518794993	5.831391534006883	7.4417445502282	7.807516942140073	6.583276755016484	IsrI-Salmonella
4.55127827927665	2.313616072761004	2.178335416283609	5.78011845237409	1.4899923162906457	4.511634714791216	2.8967520993755134	3.5622822386732267	1.5991817083353668	5.014072227206976	2.4951750801170665	4.438968247961617	STnc2080-Salmonella
2.4723255328847333	-0.002842335399023325	0.4075868060594214	2.8367159931788	0.838484695010939	0.7767291041614114	0.8324999399041527	1.2068355709655434	0.2030042793390668	0.7722507155807572	0.532250388326131	4.54033538965382	IsrJ-Salmonella
1.7271891862601834	1.1204405376954534	1.5380033766617105	1.6078764720421084	0.885107517657959	1.5707868758265362	2.671919641242647	1.3761975620134923	0.9590300672229263	1.1910059874897443	1.2146523887636187	2.8785400619205466	STnc1160-Salmonella
2.87980279260393	2.9540565927357068	2.8467186129127198	4.73319871448214	2.68816841646156	3.0385740055262866	3.48002712532339	3.1688807922045066	3.13880756433226	2.49654039840948	3.37916265563234	3.28308244637067	sRNA2763575-Salmonella
5.020076929933516	3.3142328917671398	3.8653526625341	5.0630257206291365	3.7657306063656235	3.9099393874869035	3.1147484926747633	2.9571986295130634	2.9552593399184066	3.505335106762143	3.8114954413632867	3.8387499399341767	STnc1400-Salmonella
8.389772472792792	5.0114628773799765	5.4952826122149965	4.78273309146796	4.86162751895827	3.11402092683926	7.2293546890692095	4.5169508902214535	3.3432495652281	3.23354902280121	5.158804366685237	7.92045532512609	sRNA2797098-Salmonella
9.510359472793168	7.887005264991937	7.528669406738513	9.461407203898673	7.072848254153037	6.691308322218356	5.61091664378683	6.243054088343377	5.80551105633499	7.996687447558564	8.217105551543234	10.598089417494966	sRNA2802132-Salmonella
0.7294165648279564	3.3863340899973267	3.24842730504067	4.24734635620226	2.7497756629380765	3.5729040082225167	2.61201937420963	3.1705042755633666	3.49935542894096	2.3706459803745132	3.1650695650618332	2.231939965906527	STnc2090-Salmonella
2.375380063743103	2.564429463057463	3.0855865972289167	3.4426678356870934	2.6166504731210365	3.8113483792055667	4.22225776147882	2.00036336267992	2.8298300008264166	3.220482384916143	2.1969468752016543	4.42395944771507	sRNA3-Salmonella
2.60655943718935	0.8808092847140057	0.9092127952966901	2.301293336726067	0.5631945635026807	1.1081471270423	0.278150290576643	0.9310359984098787	1.1804451340320983	0.7799351240988537	0.8166445796989277	1.043629214541979	sRNA2838164-Salmonella
2.28933232173391	0.04678192319592666	0.20559814018737813	2.890484729459527	-0.06345768339744326	0.8133376632158357	-0.05074300782787804	0.5391960438625273	0.3665528797214226	0.3839082933230006	0.24971650619754665	1.6384722762817603	sRNA2838573-Salmonella
4.9339539553074765	5.06600811071022	5.42632929061826	7.22317200078846	4.69645799930701	5.857047177208793	4.519636636530043	5.320617312396464	4.892455154915253	4.6989428098127535	6.3600005235391865	5.898499307193227	sRNA2893899-Salmonella
5.654593391857727	5.87254308923874	5.298907957679104	6.5727738002091	5.107803833177507	7.11533813969006	5.37457570390786	5.179922217175154	7.4111351254398965	5.515430821849764	7.0365032741414	3.62095269188787	sRNA2922423-Salmonella
3.261630027966557	2.6228169994563135	1.5739658325914887	3.573517283738483	1.7527009447342707	1.58818203475949	0.9478366429094637	2.6903782128797635	1.064169050865433	0.9905277805784782	2.1840329561241765	2.40851929836204	IsrM-Salmonella
5.19076796990678	5.762341241731477	4.693156980631897	5.204386180979537	5.401767239101724	5.935633658276723	4.97353499621842	6.07458109065231	6.097666505280913	6.25445636350483	5.11604962133704	3.4511071080920934	sRNA2935133-Salmonella
5.05510139402382	4.409039436555196	5.17670811026672	6.957355691854397	5.342554661041676	6.7612882430333	6.25920440934901	6.487785733198983	5.766997827360757	11.122942301100966	5.6518651252853	7.083821254934906	sRNA2948961-Salmonella
0.6088147931270707	0.28861520222694703	0.491448440869106	1.2824564240396186	1.15709226356319	0.6473316254671231	0.7916088124690963	1.9326051367415267	0.6317893781513423	1.721170042832349	1.4776137112102627	1.34916160728584	sRNA2950623-Salmonella
4.1495005245797	5.6949012064437765	6.01778301075503	7.167709329346347	5.899135150170356	7.755217285998754	6.51496844705318	6.007934390397216	7.46991828914718	6.365387573916213	5.829948961540393	4.881594887216734	sRNA2969551-Salmonella
1.008798537666516	1.3603998609199366	1.3650028099004137	2.4450901136259797	0.7699160882943907	2.1510095854191067	1.551839268341213	1.78499576543625	1.8698046155821133	1.4799728289488614	1.6357262619753268	1.3906697690939738	sRNA2969723-Salmonella
2.1311636302628836	2.608649298331623	2.4306091435258534	5.257433398045003	1.5011769040176155	4.548224434350604	3.51471854638998	3.6841355188295	2.65622858592288	3.764058027583573	2.4660710225244364	2.2919392072542966	sRNA2970828-Salmonella
5.56458842961241	4.754769511103243	5.122490995265773	5.6576217739482795	4.091730552207286	6.313126603784814	5.119967330866183	6.140896560986843	5.8641778353854335	5.334671531746434	5.34625515888855	3.91013259594952	sRNA2993440-Salmonella
3.9313728541561166	3.2763024534115366	4.293529855902746	3.05714693617303	1.90673243701075	1.5966114072002466	2.2674736321745366	2.3378910168262097	2.20931398345127	1.78316092309257	3.746668215524387	6.7112542495461565	sRNA2996715-Salmonella
0.5679407502066373	0.25553502626441066	0.4443529488966714	0.06901575398055763	0.4566752213362947	0.977948911504285	0.15462361401534555	-0.08768929468704058	1.6837862178364666	0.07314801992579356	0.12981663684189682	1.0155527472834573	sRNA3026078-Salmonella
5.6891655567760004	3.5368428980194433	4.3847954143856365	3.9660466225323434	3.6591491249914667	4.6385100514079	4.51635054196733	4.518801494385603	4.18538838388493	6.934148598040687	4.4220645533525165	7.180787694055777	InvR-Salmonella
1.262529776750619	1.49489775782215	0.730923358724065	3.095267601015587	0.8353890984542217	2.282375634943233	1.0775457936841664	1.213331903386847	1.5257071126921637	1.3068020762694252	1.3943544373232144	1.2952717340459687	sRNA3114590-Salmonella
3.343518864362933	4.30046878917541	4.685468567331857	5.796437734186177	2.8845046298657064	5.050076395315023	1.85590971925144	3.8897764839387565	4.193775513063713	3.420806835246837	4.879495125082613	3.2318014316708266	sRNA3116519-Salmonella
2.1383829720985066	3.8850969638759403	2.8231084416394032	4.663359025625157	2.99959208201579	4.77971276707946	0.9369338790195366	2.308856282358393	4.158170418618834	1.8095256204148533	3.7076972293457966	2.275445144227703	sRNA3117025-Salmonella
15.568823488053233	15.530105904184667	15.656240373046067	18.6089496113605	14.5545220303805	17.760729416257	14.816635928217067	15.6896434323336	15.317001407705266	17.807188332525367	16.14561778561437	16.3590597630886	CsrB-Salmonella
14.4456877817817	13.8095926089136	13.9462461549124	16.2760802116639	12.350798687030267	9.301622456012923	14.685846386483467	11.781832275284566	13.319558868005933	11.1998355283992	15.3390984954694	14.981525942974567	GcvB-Salmonella
1.0528125640446226	1.79779945131525	1.3255629585103301	1.5132218844869227	1.0259356456404627	1.9021682491731167	0.8591244546296603	1.1842317629393944	1.8123516923550633	1.3949000062094572	2.3084231590789135	1.3057959900762257	OmrA-Salmonella
4.813020349636757	4.744173633407796	5.286319622839306	6.386335068290883	4.1628578663630735	5.29723842631872	3.6923222919321366	3.8816129765137832	3.7240324352251735	4.5480504525393695	4.720392002662156	4.452536506150073	OmrB-Salmonella
5.8850262246486595	4.435526684598787	4.538341674035533	4.74193174043092	4.0116010804122935	3.5627258530364236	3.3510337587189536	5.877123144885867	3.9566153555581267	2.7457543208172135	4.815029310471527	5.119239838248681	STnc290-Salmonella
2.51963031825028	1.6606764763665267	2.1978312309283465	2.45259007504295	1.5395105120912833	2.59141435914969	1.7836406565454956	2.0285945078968735	2.41116093390728	1.4491851112728034	2.5622183810862036	2.4877865010847966	sRNA3217119-Salmonella
3.5947657980642567	4.2217141522557435	4.394677825112047	4.456418652018117	3.9699882604055534	5.357735745438613	3.3777097451413933	3.2100597301349167	4.190123959720807	3.3767971558149332	4.114046287362867	4.961123790514534	IsrO-Salmonella
1.8140755712123904	1.4085355278541003	1.6371877994321267	1.3049751706158692	1.7396215921336367	2.269876066031803	2.3692037038298066	2.2024999776799468	1.4041060964347065	2.029127235518852	1.5959159725092913	1.5306645020924068	sRNA3241625-Salmonella
12.328950354701266	11.3773332255152	12.792355778331933	14.934504659373534	12.168955481458267	13.6495298982814	13.037786277837068	11.5249378279882	12.401897978422433	13.742186347273867	12.0072208732371	15.5683104132984	SsrS-Salmonella
5.16461309649945	2.9419620414340466	4.711209899414857	4.733150769629013	3.6536189604360434	4.141083389112857	3.644228745262373	3.2415843834920963	3.80034347324301	3.7638203411525364	4.0122978302435035	4.34607349268837	RygC-Salmonella
5.288783057346463	4.734065229915903	5.3681718403492935	4.980162358459586	5.06906714789928	5.9798007236713	5.693313362180927	5.435925642976683	5.998748478079516	4.130504214569624	5.498537497637287	4.70162000206948	sRNA3259138-Salmonella
4.4639499143477765	4.68721456355532	3.419421577077147	4.10636311547485	4.603478075153727	5.955478842485987	2.8747994809785933	6.067201839267623	4.567083171710167	3.7861041751198132	5.5912674444868635	3.01358819260261	STnc3150-Salmonella
0.025095830799148202	0.020868722738250634	0.2621840764657617	0.39687645049494236	0.47490757525538463	1.8713009297095	0.2134403345337509	1.4143991011222776	0.6963881831137286	1.2019864219787963	0.8957499716516103	0.7201812768852957	sRNA3274017-Salmonella
6.7990364532468535	3.1635966824049966	3.5165911137143735	6.7681795339652036	2.0085106334278455	3.037529693795803	2.5719937413795035	2.494909660990537	3.478082145228617	2.2406240566611197	3.215724370460937	4.023587645942674	STnc3870-Salmonella
2.2822807722476335	3.5107779679810935	2.8851626140101834	7.609965240910706	1.7168045747026481	2.346242790476113	0.635900527089847	4.004055895402013	0.6257039170185117	5.049731694888816	5.134586457502056	2.5205392392450734	STnc1170-Salmonella
-0.047989148209464004	0.12201164350188999	0.4327075557123934	4.010368848126613	-0.14419705771366054	-0.16556883612348305	-0.12869182427270867	1.1131718345252166	0.2788056895968326	1.744971048540013	1.0042556656581665	0.7770782034662393	sRNA3312835-Salmonella
2.089403196167303	2.3824548420337033	1.7429831702209668	2.96645220310318	0.7345618849793747	1.556813017271535	1.1402677124458163	2.4166527351677765	1.1885262786861324	1.5755703032674155	2.81461443555694	1.80000574706984	STnc3890-Salmonella
3.06370819806046	2.7827511053833165	2.35736645798225	2.8038765642603565	2.4604305072619166	3.0068963559638267	2.3051609958994366	2.9005791043148768	2.0805809399839528	1.8787593611061266	2.31670291140636	1.9909976419395432	sRNA3337545-Salmonella
3.157545040868713	1.5640819304778817	1.59454073643751	2.8352831280367736	2.026015206345553	2.74850471767515	1.3514942085875257	2.85291053179182	3.376599289138323	1.76580109899549	3.258933440498277	1.90105416886582	STnc1820-Salmonella
2.2477684618008866	2.44332927306033	2.4432505384817627	1.1498247178691268	1.8459143232084168	3.6417935172477334	0.958641292435747	1.8936008109302032	2.83610034789285	3.4705466440643233	2.722920240111817	1.8479935345643466	sRNA3357552-Salmonella
8.935670104387096	8.36982827975827	9.0898268216604	8.894639842636828	8.118381209888856	9.207517028827583	7.861771465758387	8.682030000867243	8.724142452403484	7.898245541935976	8.603808211182256	11.169832206110334	SroG-Salmonella
2.7626616863196367	1.76560448831265	2.1253716097630266	2.4226854056168134	1.1414280810256243	1.3961657772596774	2.265726578929783	3.28408973354408	2.4769894672788166	1.8633493606910354	2.1439177774290368	2.549361851240773	STnc1420-Salmonella
7.7994612712736835	5.141678763956347	5.01655846453038	4.1717364465843865	4.481616857086883	1.8858023716067034	4.410109594157497	5.68011952154265	3.4411134532512366	2.2592250881187668	5.5471673697045505	4.740403690927806	sRNA3394975-Salmonella
4.09085824529187	4.70634941078041	5.43687617366286	5.717017834473017	4.99005163801582	8.043565884414758	4.2720960326686805	6.056171167996586	4.53330960810944	8.13615090867645	5.36677421821911	6.42505608083413	sRNA3417448-Salmonella
0.8493682194566083	1.6960143618189734	2.1367942613975535	1.5603896015928787	1.15632993278541	3.1459439114926764	2.2695570323591734	2.2396543298831433	1.7300446314265376	3.5200588349701865	1.8932920044000934	2.0484847391250867	sRNA3417670-Salmonella
7.50141016762206	7.14877829522585	8.598600850879453	7.732720945626347	7.90046710713736	8.3815315679801	9.20139228490618	7.565840764720237	7.86769791720998	7.832250258100974	7.561574881495873	11.296578648877167	sRNA3435592-Salmonella
11.742191759462333	11.759888265696	12.881257294778699	12.412348204683	12.474661466378834	13.017747040790033	13.422231844800667	12.196586703987334	12.380734085350333	12.346922339646634	11.538671914530234	15.950625083679933	sRNA3435639-Salmonella
6.398580181919967	4.14881173288146	4.619867318921357	3.47302094372761	4.32095568645237	3.0115291023708535	3.9489134236248935	3.0337369178538034	3.9341127802504703	2.228989046237187	4.516659086358733	7.405017730555417	SraG-Salmonella
0.49590690629014383	0.5977001502377104	0.36492716796543934	0.108787108786154	1.0918269688420494	0.5770222377835944	0.9591305897660796	0.24985199350956705	0.8239261195680192	0.11014418551796064	0.013303856551342627	1.515794587041284	sRNA3474230-Salmonella
0.7443067812538892	0.362434622583859	0.26141914381342435	1.70605570762786	0.8524849164266418	0.6746955901466958	0.3099165723637206	0.45610453093080566	1.0214860644873396	0.22250062873435544	0.5305362541212596	1.2895902325923703	sRNA3515728-Salmonella
1.0727565090144524	0.8573044853806674	0.930205929933821	0.9207798824301323	0.7477205458492057	1.1076798724967547	0.471028733282119	1.2944981249388237	0.7054739426808736	0.3126094714685743	0.48059297466194806	1.525719980433655	sRNA3515800-Salmonella
3.72599657917348	2.44102070642675	2.5343983126978635	5.626753899167267	2.2727218089573764	4.462059801178933	2.2175035044676266	2.85172262936785	4.2914298364834895	1.3636435158764806	3.0558542480860367	2.98790944046793	sRNA3521831-Salmonella
4.118120836721917	3.79376453145899	2.4824330749237733	3.6710913107638836	2.9906322862648667	3.1328129277510035	3.9674448877037265	3.956083975145843	4.090334488251466	2.3434660017029065	3.5549304599151266	3.8705381719485934	sRNA3534732-Salmonella
4.062118864137936	3.8782249828553432	3.1337075424738434	5.96884684007137	3.388166009872413	4.35768164395752	3.4049681236024667	3.4206421189496736	4.58245562669961	3.934822423543027	4.64774624677062	3.56051824591469	sRNA3549132-Salmonella
0.14584022185828066	0.24884258476840967	0.0961365373527253	1.3739013958891557	-0.07674798926323537	1.57334002875325	0.21820377334296703	0.16838615715922983	0.9383040177345264	0.1758569386234553	-0.01872044631369367	0.5345260802711117	sRNA3576659-Salmonella
5.78807287318175	4.4687570535052	3.7839524188989735	5.480170111697004	4.219125353376303	5.55919328175888	5.11909585243345	5.651456046306153	5.173200340085633	3.2581714702793567	3.8932441052980633	4.903232098881973	STnc3990-Salmonella
4.13435915879802	2.3529552513016236	1.7947371557562033	2.0011861690123154	2.369477116203483	1.2292859352130128	0.4047236585943793	1.5295469580808168	0.778418274970238	0.801988695943509	2.3869818384015535	5.034238441093374	sRNA3593555-Salmonella
1.9349795172945399	3.608049506997303	3.8889459010832432	6.3362133242422765	3.4313972610695735	5.51219368978957	3.99408016765128	4.041609122201954	4.9613022055889	4.36003853658653	4.520988875406753	6.2855397786606035	STnc1670-Salmonella
0.932395247604476	0.19627203293846365	0.33858791048046866	0.3000596490132823	0.7254978176582749	2.831351878220634	1.330806703600715	0.5331412057763809	1.8916123168384233	0.29518800966641734	0.19685489087216917	1.2874520272281371	STnc4000-Salmonella
6.393713094619484	5.7564022310468665	4.57815295100354	4.599113771516647	5.3399136206018	3.5652125178424767	3.6830695280789634	6.21561613802502	4.29296903063646	3.7619265766299566	4.587036144983516	5.159782782508714	sRNA3626080-Salmonella
2.014116620484547	1.4081821952019289	2.7347958267169665	1.5606293965514233	1.703316449074	2.07273691364262	2.071903020864517	1.6861129721665435	1.9181167150839267	1.0959711223464337	1.4998248474507512	2.8348502212124735	STnc1590-Salmonella
3.06454572884754	2.5511411269454802	3.23065450960864	4.262457199804324	1.6711376600525534	2.8893313227714432	3.0030360842932335	2.02936811895161	3.242327223897387	2.6566087983695468	2.12281651502113	4.00351513228361	STnc760-Salmonella
2.915995411547353	2.23325391568544	1.6189012394712234	1.2580815932148153	2.9395429303828267	0.8855965787263417	2.512385615772197	2.5706402972154265	2.6219782473658597	0.9405388476946677	1.263477008292101	1.62440901895207	sRNA3691557-Salmonella
1.5137912482605467	3.2973387492461566	2.883032281558247	3.3034025881114832	3.09020753753684	3.8073293505186667	4.037790283936367	2.8283558922282133	3.30817732363131	3.005212004184637	3.23419758291407	3.22128193953426	STnc4010-Salmonella
0.05455721642537967	0.340222914728756	0.0229241377751413	2.0690580433893033	-0.010460958352618344	1.7335987900748466	-0.17928287417019967	0.5846314309850553	-0.17755655888764835	0.11623716506524154	-0.19050710616293334	0.509621427779243	sRNA12-Salmonella
2.1331006932091903	1.8299319765225732	1.109014105266096	1.468364116645333	1.331117108410262	0.49828361343951133	0.841242768145248	1.3996315847456704	1.9362098573443567	0.8928720449943727	1.5536485163699	1.2258776309855524	sRNA3755629-Salmonella
2.388557935274697	1.8297039524547514	1.6689262827276532	2.75856426547416	1.2338224200641743	2.6722829519234534	1.4208704386387956	2.3239485226078567	1.9792395657143833	1.4987725828316198	2.86933247176732	2.5706644074547635	sRNA3758267-Salmonella
5.9895070152173835	6.550394228181713	6.53006663191461	7.872334528415356	5.67245327205907	7.21127728901534	7.397254901743847	6.606800344681087	6.8105209974929135	6.416717946623207	6.416319451841224	7.878376183432207	STnc770-Salmonella
2.2397583171725466	1.7513507690506165	1.5800680051008174	3.1259253630370436	1.2035100460937036	4.33057031813495	1.76368274470709	3.26032859468907	3.683077755840897	2.1209365837327967	1.2228175388165827	2.19138309799395	sRNA3781793-Salmonella
4.757505679303563	5.9758062396557765	6.68459477504053	6.95041213016549	4.956829719765817	6.328575800855156	6.548819091134266	7.172976144543156	6.370851148492466	4.752606068198887	5.0310062094972805	4.85600988407441	sRNA3782057-Salmonella
3.02893207393528	2.63569550575121	3.2130056189888667	2.3920476146160765	2.7095420051469565	2.8364261049576034	2.632811274048347	3.65054483524994	3.7345700654390765	1.9504482952090068	2.2427992433792268	2.16260691276945	STnc350-Salmonella
1.3479801509614866	0.44067226660608233	1.3003571833067922	1.2532505701045262	0.37256125738638635	2.2314849185689933	0.7109074935258624	0.7540427038442616	0.954134578535691	1.1559599617708827	0.6254558399931374	1.3623483747955234	sRNA3825805-Salmonella
5.952805990877927	5.24913753983495	5.915447497615563	8.608444890331032	5.217799840645687	7.867181266457097	6.541494163231383	5.518984824479157	6.595062759974877	7.9518596051806965	6.371296361352783	7.4964750325041605	STnc1430-Salmonella
0.7922464696863231	0.46644854004541086	1.7647394614143146	0.9649931305156026	0.7100653533885923	3.6995312467091837	0.4774518367064207	0.31883930491776735	0.4814135105360546	2.08592242263362	0.2109740705004044	1.012157661158082	sRNA3835685-Salmonella
6.041938143929141	4.066526317028983	3.7526631348345134	5.7413346578134465	2.45505930516937	2.33779079314918	3.3608738794950868	3.4813749558903067	2.04350653769943	2.0554134796494266	3.9114569427793833	7.973793654780444	sRNA3857685-Salmonella
6.746019891602916	5.39788338486018	5.1517683234812	7.807540881667434	4.07341801024432	6.23585261733346	4.0901576647715	5.943925097929677	4.198165505110913	5.03763719815993	5.2026109878697735	4.664768170761071	STnc780-Salmonella
0.6004541603442344	0.979266792502256	0.989223084965801	1.9799765890452266	0.6218605902124373	2.0289575540144567	0.6905676548688896	1.4490845834115107	1.0764059105004704	1.2333930096483223	1.0461178807871563	1.0743077457991677	sRNA3871532-Salmonella
0.9677614223356473	1.1275531539626797	1.3111937343588707	1.6125536523541797	1.125952793278473	1.6122733986119433	0.8847949983220397	1.390800713750584	2.5177763975355334	0.5841140208705173	0.6330333752715076	1.141590722590394	STnc380-Salmonella
4.570514245462577	4.103373343354783	3.3031368832338632	3.6196910562897004	4.046682420071114	2.436164274254507	4.11436307817217	4.382188382837823	3.25165412384667	2.9030346284152233	4.205196194112603	3.44824467984769	sRNA3931763-Salmonella
3.20903017372639	3.5089244292242734	3.2482742355463503	2.64713985289782	2.647296670026499	1.47825474537805	1.5986601052387626	2.60193776580931	3.0270565471372968	1.7198950889798534	3.125523429304217	3.7860143793468635	sRNA3940293-Salmonella
4.45100934134478	2.965249859873923	3.68589872564771	1.5572473656392334	2.4211387286519668	2.6820013205199436	2.9328484369426233	2.7459089200461735	2.48233899368229	1.8216140121725966	3.15186002175248	2.357457955727227	sRNA3943836-Salmonella
5.8723379486223735	3.08740616618925	3.02672445080167	6.097956244383287	1.8364999979358834	2.39366565603085	2.18472680868422	4.054658810754267	2.5716262424591867	3.32918692600064	4.650820950737127	3.5704093204481833	sRNA3986689-Salmonella
2.70209044712813	2.71584077002015	1.4566023700153	2.561517089568693	2.10323749666261	2.706425268889573	3.02413662516897	2.63743909674373	2.91407994564261	1.42411506979253	3.17316079897512	1.97315516514223	sRNA4006485-Salmonella
2.094102004234197	1.0488068399773247	0.749316743017871	3.00662285392502	0.7817334227668203	0.7069636249745544	0.188671999497445	0.8461329985024837	1.236057573163778	0.981348441170121	1.273891584534496	1.929295079815556	IstR-1,2-Salmonella
9.553762009471052	8.228025120908594	8.65148773362242	8.700294645434138	8.899998329626216	9.073367871648554	10.460813370968033	8.48481248275028	9.988020883176654	10.247791667678333	7.882717034285609	10.8148347262833	sRNA4019564-Salmonella
1.119010363104948	1.0094800567409083	1.2411853641092774	1.387427116631081	1.1509038729642795	1.2120249404814945	1.395948401676913	1.5075334996636234	0.6517966565321327	0.8426691575023794	1.3252597072926866	1.346721896979256	sRNA4031693-Salmonella
1.2109150007662706	1.0155941464302167	1.2655837178438316	2.81593635594136	0.6242756860981417	3.65783513718901	0.48987058898687436	1.990983697232485	1.5137520400455706	1.63329619279942	1.67461891664307	1.3896172443380665	sRNA4066734-Salmonella
1.1042108691364456	1.1524381755211297	1.32934913022651	1.9217214979640496	2.0117517999848866	1.7468962637924268	1.6912149601726867	1.3939288372891574	2.2795911735545	1.4601073731272087	1.7977052116025223	1.417124577146605	STnc3170-Salmonella
4.172314324242203	2.9477457847964867	3.4515252581149602	1.6534375435777766	1.909185348181587	2.401198050318537	3.8106405776523267	3.1519673946388336	2.4808478013804502	1.8192818002328834	2.9670238832678466	5.769191896258203	sRNA4092239-Salmonella
4.228840138340247	4.622140863346337	3.3445570764192234	6.068625695541907	2.9924833280468133	5.25469960308424	4.346685174510643	3.8781569962884737	4.80746908460344	2.7111838369950636	4.39843258802587	4.469139894645854	sRNA4110510-Salmonella
5.43606487579121	4.08768442983847	3.7698777528109333	5.852036387208614	3.8566149270255936	5.542585372703163	3.0508499048999265	5.92609722013079	5.14616222279485	4.488196964899183	4.072254483389167	5.46032053861982	sRNA4110784-Salmonella
4.913521185543753	6.128978299598983	7.002135996091687	7.457830336231483	4.016733839236647	7.743096108025786	5.6279769492525835	6.81079978182733	7.205577662569893	5.12527061397933	5.887453108435693	7.14920053428808	sRNA4130247-Salmonella
7.240800167603063	6.574770234329013	5.73271024228949	6.105655034811804	5.07926455664492	5.199432343808783	4.8972760635760295	7.197109504674923	5.716185621548854	4.881006807429246	5.888475813122437	7.292986272441341	sRNA4146790-Salmonella
11.932775776982467	9.34967072681284	8.935358192691066	10.320669886193034	8.639374222925428	6.66810182583157	5.3526101197807705	9.062296466936154	5.9958558120930965	6.589235477894843	9.773051105692497	9.488763449565397	sRNA4162399-Salmonella
10.1197469230915	9.102939675390786	9.99828564273094	9.791552981291863	8.21129203889338	10.734879324308519	10.132660931115423	9.467690633138282	9.13273265220524	9.46290490331235	9.962746896123283	11.621883621162134	GlmZ-Salmonella
4.86656964195479	5.052147250571413	4.545823682409443	5.70508108263806	4.016837759950526	5.637194339300003	3.5830143841933166	5.261777837946316	4.22247047188276	3.6173784465365033	4.946732875217323	3.08932118457116	sRNA4167628-Salmonella
3.6666817560290035	3.99635735193802	2.9167532904939066	3.7984319902868435	2.801051863788867	4.140728882650164	2.072722386023943	4.510913526347173	3.5301808152806466	2.8040611348971565	3.02173404804147	4.532444942966337	sRNA4167843-Salmonella
7.7694749138212105	6.06335481992459	4.3791747191715835	7.580077638945443	4.144361603478473	5.9254119957521265	4.545989181942944	5.56311865357559	6.574588613367706	3.7154000525423667	5.61116801053868	6.32759284510966	sRNA4179482-Salmonella
4.205085508886296	3.5875881342348035	5.07976344213626	3.41238525800751	3.70126455235738	6.2892775081414305	4.1633112004804564	4.232153848633423	6.022046243551476	3.4832739373454302	4.2050043111048865	4.636110031437264	sRNA4183113-Salmonella
2.0324210263613733	0.9332836742952717	0.9053569500300324	0.6683228376338207	0.7913693557662357	1.2107393336716756	0.6990562583040577	1.007682765522226	0.4507510261906593	1.133516351757396	0.842543905548908	2.0517255792124436	sRNA4217489-Salmonella
2.4387604048093032	2.5960458734304765	2.3073278417562166	3.3667917100569533	1.338833194890998	1.9071749487094927	1.8123376662165358	2.118418221120257	2.00135688001812	1.0882491265657217	2.61407040449594	1.7465727122021033	sRNA4223041-Salmonella
8.10837940978713	6.3834128893926065	8.45315683965191	5.767563593444526	5.469188083922277	4.978584305266376	7.60164576181524	6.069664041109833	7.51094590063742	3.1254522454487734	5.409599659109727	9.266751580309093	Spot_42-Salmonella
13.562747849831933	14.088553259858166	14.644985227270666	15.860547281121034	13.027163294360733	14.303934139077667	13.955952589139534	13.8618707421054	13.985140567676167	16.509160864747702	13.722400916553134	14.341916795975333	CsrC-Salmonella
1.921164661994407	0.5776173767069073	1.5773153397375583	0.15477799976222806	0.1269412151468621	1.4825954004642403	0.6782655583046563	0.28346059599427537	-0.09094252011186853	0.6442817917249273	0.5107529013058594	1.678034168296542	sRNA4232507-Salmonella
6.272490348177667	7.51165037989478	8.180954423527897	5.03957239820443	6.886738627289227	5.43352108498238	7.982846696130724	5.4720398894982765	6.9027899246313495	5.884683688990917	7.60998194921484	8.689150732372093	STnc800-Salmonella
3.8523449633684734	3.7628317510814466	3.241807967984703	2.73065002595	2.657450391779067	1.37975556677413	1.9531412676454334	2.52198776689555	2.63579332947158	2.32923005876894	2.781914114265947	3.1881353762824802	sRNA4238588-Salmonella
4.54339228883496	5.061622955791217	5.204089960127333	4.56797335110909	4.19653286221207	5.03048236066998	5.48716048882814	5.9806575586574295	6.3747325504046035	3.56184501664376	4.55917677933796	4.970318042402466	sRNA4318787-Salmonella
6.936253988385324	5.122988729289677	5.285089457620623	3.973111451231557	5.197350039200953	3.4799107588077898	6.62024649175968	5.48495040549917	5.221196637272777	3.4878509181675534	5.18183555131681	4.3279454135659865	sRNA4327130-Salmonella
1.7272621763060099	3.1303322823415702	3.6233008672827234	4.299343614205906	2.1045423832701733	3.9302087861968635	1.98396760365553	3.323111199935043	2.3497641152143633	3.2967791455546203	3.839327352046223	2.2655917845090365	STnc4070-Salmonella
0.05869398108108114	-0.121236885565819	0.7586220045504672	1.0724773203344287	5.014649796264034	1.090224721048046	2.5549069028667533	0.5124728842468828	6.487124785057946	0.5100183206718233	-0.4303293995218167	3.7584725213541703	OxyS-Salmonella
8.748603553677974	6.6980446471533694	6.6242519011361365	4.91315911340076	5.688200952853784	3.5481710459628633	3.9437651217898333	4.662687747889857	4.327991084803223	2.7025717010801302	6.139629105353457	9.552835238276147	sRNA4372453-Salmonella
10.359927900743866	8.848958811142994	8.626226218249748	8.074252269939468	8.186249928245344	6.729770946558453	9.53442222370199	9.014507803365136	7.959503974637593	6.932394006453864	8.25716391327175	9.838765780933826	sRNA4385784-Salmonella
12.2330884393832	11.031309149052767	12.047490597547066	9.343826331964024	11.690412800791801	11.370981676141	12.5016739532807	11.537713213675566	12.396468879519334	10.5428704781032	11.737699991717934	13.488467335083367	STnc1460-Salmonella
5.06682423638913	3.302105975984477	3.373379655125597	3.9858393239512067	2.7240987401325634	3.836532143948653	3.4490083883746903	2.4064796065022698	2.802217772598405	2.5190382972989203	3.20567848265213	6.184351577372716	sRNA4415893-Salmonella
5.95956624383094	2.1490963620639767	2.486570462921932	0.9745009154190317	1.851563687695048	0.8091975584222777	1.2001107009765393	2.1994424848750134	0.43812542481104316	0.6928511291188316	1.3750605726642775	3.8669098373617135	sRNA4417787-Salmonella
1.5930398663239873	1.63042100274438	0.6481905882129176	1.5569407303619427	0.6478173955543642	2.047054509468598	0.5555557465834774	1.5975126368282984	1.7091869735864866	1.0369762026213156	0.7178963456561966	2.112838021238507	sRNA4433610-Salmonella
0.12258570625202847	0.21769666574966637	0.561038324247466	2.2778837499972666	1.026642754650046	3.2054768691210134	0.39271756247648965	1.9095388330252732	0.4792500730036547	4.2328697397264134	0.9541501250347667	2.0015879246179877	sRNA4482999-Salmonella
0.16046075241989802	0.061285588871225996	0.35658277370470115	0.3949977927087984	-0.07539880322742346	1.5653310364526833	0.06516449737247304	1.1858501742370566	0.2683448214669041	2.2606352781087864	0.1813008154375941	0.6547314177815257	sRNA4483054-Salmonella
1.9650879535253825	0.34265970768465337	1.0110552911403086	5.4189926246428595	0.47916362178448835	4.401146856011946	0.995623117884358	2.1674583660094533	2.0442637637719168	4.838395700232167	2.6125322221913967	2.6647970015968534	SraL-Salmonella
3.40876612663698	3.4444232980516736	2.82438774926354	3.3317728891184766	3.013931123228547	6.013673280764353	2.46315752232152	4.67182911607901	4.4226246172020565	4.12953682642806	4.251346958705527	5.2272680335027895	sRNA4527235-Salmonella
-0.5135441275911199	-0.7649686525833777	-0.47876751264433137	-0.5327957298364283	-0.6831518014182246	1.5328815943256533	-0.5333812512422567	-0.7284038988241996	-0.299759698720696	0.7445320361743567	-0.7682245783887557	0.011981193831983289	sRNA4534828-Salmonella
0.2534217470016428	0.15880867753313563	0.9874396882567493	0.07966546705649497	0.15557469775378985	0.5743884206164427	0.31553467428196474	1.1201723728111306	0.4835705407955142	0.743397318771805	0.255789877288349	0.5525986510160934	sRNA4550089-Salmonella
2.6453666856323768	1.21669771914701	1.2140811235171431	2.7590588264586233	1.100786518468182	0.9567950904821547	1.4974589045803468	1.7328964627651433	1.1264318615837383	1.4409530621392683	0.995284182510034	2.397116930151377	STnc1180-Salmonella
0.948986991868689	0.7167051021064553	1.2824037236122776	1.357489701140424	0.5076018569549037	0.917131293835892	1.5189277550423967	0.9556451844922187	1.000656035786914	1.5714859756858939	1.116218134872379	1.93638743247149	STnc440-Salmonella
3.651459024620917	2.5361842161151666	2.616265597923567	3.4384666198831866	0.7683340287176577	2.483525630013489	1.1160809559453877	1.9970231361340134	2.4564780679119433	2.084545250027349	2.6674057762255465	1.8503273604117634	sRNA4655124-Salmonella
1.91824895729706	1.4793663253831453	1.99800239651051	4.068398681385763	1.0323613245191166	5.087865341001184	1.5538164332203839	4.015937063330236	3.49286630187003	5.0987833541259135	1.582948997768672	2.0994460055570068	sRNA4662099-Salmonella
6.096246042621236	5.225146709820047	4.570518884294777	9.176564352240133	6.1412368684286704	8.128694137886116	6.739582076509056	6.9777259297035865	8.68857265722091	8.173962301023444	6.18077728809549	4.95346091578971	sRNA4663946-Salmonella
2.0867662175066033	1.297822343820054	1.1490280620975604	2.2603893694576955	0.9626716021753767	2.3262549895495166	1.1234675275811348	1.5442981614105868	1.5026224045692833	1.0273248306397023	1.7902013513534234	1.5848583084393	STnc1740-Salmonella
10.22156831164799	7.0026711912802835	7.35497238949854	9.050570580276148	5.85052571554696	6.03130599132487	4.901795697413736	8.148759417962056	5.607050168614654	6.794623564927057	8.291597755109214	8.30410034260985	sRNA4720054-Salmonella
2.27913945124667	2.1824673018124834	1.9288339034926067	2.52858195206899	2.250432535220747	3.06996092884209	2.03537424842027	2.0094039639734964	3.0888297901355335	1.7360342825475734	2.1874740729242235	2.3303664162144866	sRNA4742776-Salmonella
2.071629164613527	1.050373311814322	0.795308236736158	1.175906510882677	1.2655975321862076	2.21016687547018	1.3593182179432723	1.9539035473198934	1.592400218711418	1.7091695396069535	0.9621381394968213	1.3039199178414993	sRNA4772464-Salmonella
4.409788019742163	5.03103222864018	3.8859078646041234	7.192236742917626	2.75254734883401	5.693560413457253	3.0858699466931965	3.827301351952667	4.564128239319487	4.66004047071086	5.7016444184241335	4.3950841740340305	sRNA4776489-Salmonella
0.24289359070360966	0.9328554884240178	0.37193394729557266	1.5196167328834682	0.9672087032066696	2.10910820354088	0.665174997456257	0.47218161793836916	2.4285283425580833	0.3293695729801133	0.2404711887643792	0.9096066337684073	STnc4260-Salmonella
4.55302624575475	6.28143206043581	5.987781615645637	6.885041485083806	4.143402100828504	5.603979685963787	3.1008997454221268	5.321133737859487	4.365716135098967	5.2042723764689836	6.750453571073867	4.58266514047793	sRNA4794013-Salmonella
0.14999507966416234	0.9241304586050774	1.0117464391714417	0.08737239990555286	0.3404177596954892	0.42516324235399583	0.7122318878557603	-0.07396648678885001	0.6342243220516544	0.286939656919121	0.542884512894661	1.6906013723689777	STnc1470-Salmonella
2.6217021320925435	2.1752670953815265	1.69567177724003	0.9777189284911983	1.2679385146111009	1.0230698958372086	2.744743981781937	1.8160585075835933	1.7813642859337904	1.4444561597737784	2.3027215327715203	3.0492680113182065	sRNA4812322-Salmonella
2.71641055348656	2.4790094987071267	3.30420273120812	5.61995897777674	3.92171103540025	8.577740128214757	4.30899116720199	7.255010881987217	4.7679280109753135	9.06726863757695	4.55353172145696	4.163285446084087	sRNA4837089-Salmonella
6.39817938359364	6.363810388261727	6.561087562717093	9.43719335767082	7.385638203392027	12.317533506028967	7.847118879006847	10.6612942332826	8.22597866718022	12.809596149228767	8.38652028222056	8.11784929446995	sRNA4837237-Salmonella
1.5891607159551304	1.27429724268344	1.92728556058578	1.1361666340152512	1.44370814251038	1.9424573063483765	1.27372887414381	0.942790768475636	0.9016183034642377	0.9040564290971244	1.5114876842791227	1.221650681717915	sRNA4864124-Salmonella
3.0356079291306735	1.9899376735782133	1.797874576715535	4.201304519479463	1.6726228624303834	4.9596038836928935	1.8864043950817833	2.9762825556532166	3.02888284720424	2.4165755090005168	3.24871155704898	2.129019574720987	sRNA4876851-Salmonella
