gene_name	Ctrl	As	Bs	Hyp	Li	Nd	Ns	Oss	Oxs	Sp	Tm	Vic
CjNC3-Campylobacter	0	-0.12031970613936949	0.6683423304803098	0.15338988412309984	1.1050336998146637	-0.06258815686317298	0.5422035443909037	-0.25600580001828366	0.7599381184618901	-0.01578972911558285	0.07881510005641346	0.3822324528596006
CjNC9-Campylobacter	0	-0.3598795774125332	0.09725907378070975	0.19936363275649027	0.10360637053369004	-0.14883376201643328	-0.34483211617120313	-0.11989410920405019	-0.1162021056081799	0.0033371166722333534	-0.029956089720653445	0.3140289857799998
CjNC10-Campylobacter	0	-0.18341055725253597	-0.5295135660098529	-0.11379179294252229	0.275285763389407	-0.09784254215015231	0.17283792563484823	0.02614930779350466	-1.023129135415969	-0.5738024755807496	-1.2675062897092095	-0.5200507788314459
6S_RNA-Campylobacter	0	-0.01586285397386611	1.487942260900633	0.124895006929167	0.19651959570649957	-0.17497295070520025	0.2380009535133336	-0.5065357740103007	-0.35907250452400064	1.0567318324635	-0.9798469375583334	-0.4245266941457668
SRP_RNA_Cjs03-Campylobacter	0	-0.1620047040530146	-0.34265541421398993	-0.46250001364112414	-0.519450047883991	-0.4516055563165571	-0.3032283910177114	-0.037136403704664644	0.014049221018732183	-0.29553346837564654	-0.8327842203950038	-0.35877634691564353
rnpB-Campylobacter	0	0.3020245839037674	-0.15108517147286626	0.141125459471235	0.5015556808084671	-0.2831857948758323	0.5242674032203016	0.12194463020630053	-0.5008030065858655	1.2670500032908016	-1.0080667622064325	-0.5538072770640987
CjNC13-Campylobacter	0	-0.3457566031093311	-0.2933497539016301	-0.4116189281362175	-0.30090097695363127	-0.30392673516431046	-0.49529615227846424	-0.49047247252047477	0.2551173602049559	-0.7540631457114042	-0.4870799423360106	-0.42772043014548355
DapZ-Salmonella	0	0.14735474229007428	-0.5682180577010258	-0.15294986460001314	-0.7816978762845834	1.7649062707067675	-0.4148167668966538	-0.4496223425464505	-0.018275456254029043	0.27717685005947756	-0.2206784586071875	0.7663637655818207
SroA-Salmonella	0	-0.5851200223769799	-1.3885785043402539	-0.4623593607134464	-0.933462944762032	-1.1611330276863727	-0.9186591326195024	-1.0209261719722056	-0.4885154844612798	-1.4801109810540465	-0.6956122520659731	-0.01751217838440322
SgrS-Salmonella	0	-0.006688165475753127	-0.9524429267994932	0.021725172024036787	-0.9714990710707414	-0.23512480715163653	-0.9947611704096431	0.25121698518675695	-0.9977282863382964	0.2711688672453567	-0.5477131375385564	0.10473708661896985
sRNA157877-Salmonella	0	1.8260741737351767	1.306384556442247	1.7519472163665633	-0.38237642440316666	2.014264482413293	0.5216701159794099	2.10435581485081	1.6219840463616801	0.5742527124591401	0.5294107297833035	3.163497852706233
STnc3250-Salmonella	0	1.3951017353846495	-0.42657876589340704	-0.4431938563969169	3.2523346749612196	4.849946743659233	4.304771088246074	-0.7653221425693406	5.38383242046792	-0.39737974893571026	-0.4923325952112272	1.3600918713117363
sRNA248024-Salmonella	0	0.01352233206459319	-0.6728430724383498	0.43186263176938056	-0.9692309822160232	0.5138479173906934	-0.7709519827986564	0.30416929247584346	-1.2418871859478666	0.13294849881425286	0.27576223290619684	-1.0643554849297598
t44-Salmonella	0	1.7441152493866134	-0.2167577085097303	-0.2767645007169941	-0.5670278100308002	-2.3558300030146	1.1204749970197465	-0.13110246389100322	-0.6587690848958303	-0.3751974352091505	-0.15796316369338026	2.26186100196614
STnc920-Salmonella	0	-0.3725831110319824	-0.33307849954253665	-0.027062208015403044	-1.5005983992949625	-0.6459732070753597	-2.6100967117789526	-1.2555485332058796	-2.6113555132231863	-0.5961543167742294	0.05515367990629372	1.4030379393203232
sRNA289055-Salmonella	0	1.3303144906136595	-0.4646654289202097	-0.3664303579038837	-0.9949666300035105	-1.05383130659557	-2.3339735000000004	-0.6441033948553665	-1.323028719112564	-3.0390325259269337	-0.40425003917462377	1.5531989262801362
sRNA294677-Salmonella	0	2.7371242154394237	-0.8856624624143465	-1.686727515146755	-0.9738139036689586	-1.8472010015319056	-0.021058872085160107	-1.1787289465625286	-1.7553338042251871	-1.9301603126349443	-1.1778375886006067	-0.8646922791890965
sRNA441095-Salmonella	0	-0.1446470336286838	0.65752226058996	0.6282702196755099	0.0029362057192328095	1.8876965352097335	-0.619499677704519	2.068023443931983	-0.03806067591747375	1.665343552002723	0.6921297081557163	-0.08829096217167676
sRNA458139-Salmonella	0	-0.024416474626310247	-0.24084440501152038	0.19942219613569323	-0.6224929967291599	0.13020036419817327	0.5930387679339435	-0.28934893286091334	-0.033166893100109895	0.12796063797430346	-0.3897677711373735	0.25491737526891667
sRNA466560-Salmonella	0	-0.8094232785614741	-0.7069271614803068	-1.2215391588168272	-1.6555348585854373	-2.3089297885097304	-2.898384978659964	-0.757950666479374	-2.264935431425354	-2.5160889093815304	-1.1089284512716673	-0.9037608147496572
sRNA466762-Salmonella	0	-0.3463316352973109	-0.6848284923156411	2.346298123218956	-0.3884036578621881	1.1465702760676582	0.5098748820166055	-0.7569405411580679	-0.045918918089927985	1.1285670954593563	-0.43139340618825806	1.213941817690463
sRNA501027-Salmonella	0	1.6324100662491432	-0.5613679971368635	-0.28107860076325686	-1.0384020054677174	-2.022402923969027	-0.9549826411380202	-0.7107416212062132	-3.3015130931830403	-2.6921320286535804	-0.7862326980423004	1.2019982361220496
sRNA507874-Salmonella	0	0.6340234872331703	-0.33837800469143353	-0.12431179152294636	0.0029242765406536364	-0.17115388983185653	0.48708592397957684	-0.274419991031003	-0.59377419151452	-0.4197392551188832	0.5859330904922437	-0.5619337529194262
sRNA523910-Salmonella	0	-1.2231081435411806	-1.9287289348849406	0.3712905397367656	-1.4455636783498313	0.0673423527418997	0.09145069990853294	-1.3957132823747038	-0.516926259923995	-0.7163493077818011	-1.1553347965396217	2.5490977309020995
sRNA539269-Salmonella	0	1.4967449632358267	-0.38139069673133363	-1.055943424526697	1.2189237707454534	0.8943288780667933	-0.10866346934072713	0.534909818130207	2.137076056305367	-0.9196432974562168	-0.09314992646110731	0.1685984844579993
sRNA539528-Salmonella	0	0.8296922860458822	-0.5763746832039796	-0.6152548236278776	1.6798322381823256	0.6728731553220921	1.3122102184682922	-0.14537504751728436	1.3441247436191022	0.082401293223759	-0.19728035494281793	1.3151564667526823
STnc3130-Salmonella	0	0.2619565692760504	0.13281975735583362	0.3679107684888834	-0.3898073009581866	-0.0691599984787632	-0.5345073071776163	0.12069468767383684	0.8357178695773899	-0.7853422276198299	-0.3682161531033965	-0.07231664117893999
sRNA546177-Salmonella	0	-0.8043189741869665	-0.6498762487373102	0.45031897659583286	-0.8990013525428564	-0.5741692303674331	-0.8669936460167733	-0.2167770697276068	-1.0526783856232265	-2.419018328791373	-1.4852080617763836	0.13714400026836637
STnc1870-Salmonella	0	0.3526290455269834	-0.554496987556775	3.1670217380023127	0.2219916687101856	0.6054390400706646	0.8448886211078459	-0.9114698066936099	6.6464480488887325	-0.2543692338217863	0.27023957429624457	1.7643130502748028
sRNA655601-Salmonella	0	0.2547946660825319	-0.49364887627202547	-0.241101283851691	1.6773755897344382	1.0401959472448215	0.24582801418913836	-0.17377906028474271	1.2224317542508314	-0.244102107469577	-0.34504070359331473	0.9249492356332151
STnc070-Salmonella	0	-0.15406515397239673	-1.1548220731121663	1.497207328733297	0.4933779969850738	0.4526809580581306	0.15891323803841306	-0.777858452334633	0.9528822997812334	-0.929329193812233	-0.1802470933417828	1.4099912349521269
sRNA10-Salmonella	0	0.21185989770406133	0.5812250764707703	0.6927437371246565	0.1453374430110863	0.512061292183557	0.8013538215948002	0.38210250839295035	0.4210822359303492	-0.45358196011783103	0.05949155571290832	0.32563287323887025
sRNA697722-Salmonella	0	0.9118137038624279	0.04552068896161443	-0.2647800153463955	0.878630916837408	-0.3945771093242716	1.2665511155725677	1.2707632815449679	0.6792446328229644	-0.15335539733069226	0.6082580508542876	0.593553255795428
SroC-Salmonella	0	-0.694812674965758	0.26372122705814793	-0.21896351640353517	-0.5642035571582977	4.495590654291709	-0.34625364398255404	-0.7720358289598117	0.7216447215732666	2.2694801550759793	-0.22142789826676826	1.2431682532679635
sRNA733846-Salmonella	0	-1.411045707638064	-1.471294892387845	0.30737997217444635	-1.5505370678351547	-0.2445871328007072	-1.2253425993843643	-1.258309138642478	-0.9975533085645809	-1.3802363706553127	-0.738756223201412	-0.5989190281818833
sRNA740234-Salmonella	0	0.16110505779239315	1.1715165095435398	1.0286199055466536	0.7124405089208499	0.6698165483018732	-0.2876617189329167	0.3254601827670931	0.8136550623565397	0.10424825556686335	0.6038204058388268	0.38914333102688703
STnc3300-Salmonella	0	0.8563062667867343	0.37261700012933874	1.7611313980906678	0.1905082533465261	0.395072371690661	-0.5759355078808366	0.008889655909552707	0.3165475611837123	-0.39563289965713566	0.1763562705545909	0.18799623542519406
sRNA748884-Salmonella	0	-0.21936964814656912	0.43221289423632303	-0.31714048598790834	-0.47648450232476547	1.6409939956880193	-0.47023325366479174	0.046065774230622414	0.043411270063806295	0.5390024251458361	1.301372448762666	0.2230365655321943
sRNA9-Salmonella	0	0.6375219554556768	-0.26893829894960675	-0.04329780087793367	-2.3900107333324065	-0.2627268389473434	-2.0260906524667033	-0.65293991467294	0.14459317953444994	-1.7229229662883299	-0.45567094444306644	-1.3008679501348435
sRNA773787-Salmonella	0	-0.716126598162008	-0.4009268484776566	1.1136048256684266	-0.6851618189804386	0.3506185733335496	-0.05905016798260798	0.35543289995665295	0.6749157021092924	0.03057864194687987	-0.52289077104357	-0.024226309183573935
sRNA800767-Salmonella	0	-0.6693261388887839	-0.14455717844488358	2.72886711257497	0.7471561421023862	4.036202297582039	1.5353043418398427	1.281984352094046	4.421433585574612	2.715465555219244	1.0177016047357794	0.9541076100969965
STnc3340-Salmonella	0	0.19555845032026298	0.42621321410446367	1.5115168646674162	-0.26344582456305066	0.045164535649480086	-0.1408601021614766	0.7527365099920766	0.7102959370652604	-1.1198150602895534	0.16956704651853372	0.34221356089885013
sRNA865865-Salmonella	0	-0.6095828044172835	-0.4769140842555033	1.265063369717983	-1.1346838927047533	-0.41298313793464336	-0.650096682341291	-0.38312375426367673	0.5490898733278367	-0.8242605937528431	-0.31346766098795653	-0.9616302293175667
sRNA869761-Salmonella	0	-1.9015274123674588	-0.4856754897787936	0.8433517646446496	-2.2152140623588545	-2.180886368200958	-2.5178622550142435	-0.09997261457438356	-2.089104118676297	-1.9721285321106434	-1.1700824144235833	-0.5589903098204032
STnc980-Salmonella	0	-1.6067010428546458	1.0331398604774997	0.884903411010177	0.3895538864649235	-1.0545068644158766	2.8841487225146367	0.01833631302206351	2.1099272745552002	-0.01565098790322006	-0.7057053949333367	0.688352002494597
sRNA898557-Salmonella	0	-0.16533353221503688	-0.22136159305953695	0.28430251371697324	0.41964336897004983	0.07752326430772971	1.9071049441024863	-0.7688717147743369	0.14671333040683976	0.7502440463269968	0.1112213805134461	-0.1446659688949703
sRNA898738-Salmonella	0	-0.14043578472855023	-0.4458195980737467	1.3310526282319062	-0.6369062299630999	-0.5868818709715335	-0.0841995841723735	0.8214549061601133	0.12542450904140345	-0.5184600785493534	-0.900888592005286	-0.1238562283144633
sRNA901248-Salmonella	0	2.9183747101102933	-0.3113026771405565	3.4929920803020336	0.88356226713013	5.106087197644143	3.5059306971915767	2.8342386422957704	4.418746060315383	3.02547093584241	-0.08215782835802665	2.779758600369063
RybA-Salmonella	0	-0.009572078034116416	-1.1171694326360322	0.8585347502951435	-0.20406340476583296	2.869561014349657	2.0873135246529837	-0.21936908265414323	1.999622027082467	1.5043892726781034	-0.47368075878724514	0.2731988786620003
sRNA908052-Salmonella	0	1.8129286986379434	0.4388883125836731	1.3761069854412034	0.46610770095174026	1.1301083266220608	-0.12086150636666293	-0.10211675958966637	-0.13025323912271602	0.5492978520192935	1.1973895554263407	0.3307098151854406
STnc1200-Salmonella	0	1.4477646708469067	0.4266304803314438	3.4448462305534364	-1.4534598435988735	0.7388541794817205	-1.3747008155359235	2.39084892042665	-0.06455889444139329	0.8699607082958365	0.8870205663198969	0.09764512601698039
STnc1710-Salmonella	0	-0.4720348250342301	-1.1445676150174302	0.76632500209507	-1.4105271607141168	-0.03195347533384352	-2.2594549241100865	-0.9444871233500902	-1.57246699416398	-0.86381469161311	-0.7873430411427735	-1.22683596258784
sRNA978535-Salmonella	0	-0.0298522814922888	0.4525747448257169	1.6360454809153637	0.03214185969467587	1.3373384423286905	0.37169146501288663	0.2990000014436496	0.2412702598678369	0.272669803769527	1.073793620744357	0.23925620678052684
sRNA982481-Salmonella	0	1.2413831431723965	0.50497714101159	0.6753371542671234	1.1968071367220197	1.358271095325283	0.09200200045407025	0.8982508517104497	1.0029675220245697	1.114782273416763	0.8019104605584335	0.4652607122997967
sRNA993011-Salmonella	0	-0.7357285868667196	-2.02715734844536	-1.55678971532351	-1.8421475385555266	-0.8125482486441502	-1.2122059270797334	-1.5304365953989998	-1.01279009046318	-1.14878921434204	-0.5696601098456062	-1.3533365012730267
sRNA993137-Salmonella	0	-1.4957962097669002	-1.534285223047497	-2.8031946162156136	-0.7154671260850272	-0.9041685070341403	-1.3478007789104431	-1.5160847580895638	-1.75122287319877	-2.3758485697302034	-1.5605158775718402	-1.6625112443891132
sRNA1014845-Salmonella	0	1.8624627078302265	1.2806135317026965	1.4902124918045632	0.15800193035769672	-1.1875422740630261	-0.11299085566332967	1.0746299316888266	-0.6654584904272001	-0.46712776720219673	1.1973006436437899	2.36284021069772
sRNA1015188-Salmonella	0	1.6245156778675132	1.99094173528004	2.8950999628651806	1.4458580513994799	-0.5195163795386117	0.4819809735872298	1.1011316022682565	-0.04722729998026676	-0.05280395373719671	2.49077949098793	0.6859113502196033
sRNA1043460-Salmonella	0	-1.6854081382735189	-0.44069146932216974	-0.11236539416891644	-1.2843307598437024	-0.6931216192164611	-1.3682548141441024	-1.1994968558863945	-0.36087486064808316	-0.331494181541069	-0.6284232703220187	-0.8638411707437945
sRNA1047489-Salmonella	0	0.19996480488042723	0.09628786119436028	1.2323620591342161	-0.6173903413691157	-0.42757337381795313	-0.40129470176887905	0.046532803396569955	-0.5330094209728428	-0.2340585307744224	0.30124312113295626	-0.10283954084212965
STnc3350-Salmonella	0	0.15667652877891136	-0.7234224756736134	-0.434404560677629	-0.4931491542050219	-0.5422497375331861	0.042662303684283476	-0.9521533631618464	-0.3747274263102167	-1.12631403612008	-0.48155676733373665	-0.6968080665591934
sRNA1066222-Salmonella	0	1.8186031088045773	1.7163392091071472	4.0760812119336105	0.8164463901509138	1.9737423854514766	1.5307029682316564	2.6223256451754935	4.3500109127753595	1.513813369216507	2.08338389282272	0.9687344888178302
sRNA1116549-Salmonella	0	0.9642430299469966	-0.22956690563344662	1.5480127815744034	-0.7868469182065803	-0.7597146327238935	-0.7012743091721636	-0.08202040694169366	-0.34768037188645673	-1.0808309524729567	0.4181142935276765	0.19320216268564971
sRNA1118334-Salmonella	0	-0.42179864913144005	-0.284117379924953	0.005750047141263259	-0.9001689677251834	0.08713448703158999	0.5388082133699497	-0.24820638950450036	1.8978371167393036	-0.30298912829295954	-0.6410634743208528	0.5035128764420671
sRNA1141227-Salmonella	0	0.5818924566978634	0.04419317540767986	-0.5202984112074733	-0.6637046617533535	-0.4955011577492101	0.9757741675623395	-0.8073462820580635	-0.6959023160298692	-0.7329306203681103	0.035668457445443114	0.25475595350307323
STnc1880-Salmonella	0	1.7066214047751944	0.502898863962725	3.3995121663824075	-0.04472753888715342	0.4637069326810379	-0.15430988683357005	1.0606026533596031	-0.04152958473716872	-0.045048904749109386	1.7069954326421408	1.3798459884529408
sRNA1170414-Salmonella	0	0.46267956427398627	-0.18886512216265317	3.051436926111764	0.29066159298485683	4.24768214716549	1.8427958862374325	0.507939176733923	3.0739246107109057	2.755136009271242	-0.13555999109634698	1.2141717759526331
STnc500-Salmonella	0	0.827894714369291	0.9041193271853469	1.9009946078868336	-0.16547175788584734	1.0748906323458804	0.187163170321357	0.7633205927713405	0.27250908639122606	0.37149226071994823	1.5643599253059173	1.2881165079178305
sRNA1210988-Salmonella	0	-0.12369783243482835	-0.196167425473055	-0.669948255267041	-1.0154126401728094	0.13271004618906956	-1.3075505276532486	-0.7139240663778961	-0.821386257284008	-1.151440543387488	-0.740124845797086	0.028202788169319648
sRNA1227716-Salmonella	0	0.0766579062797168	0.2569350511277235	-0.08836755538948782	-0.47750802846593987	0.5316956269854101	-0.5721959308733822	-0.24594276051010322	-0.4307316505684522	-0.3986402258145765	0.40605774587116694	-0.25076040657709653
sRNA1227939-Salmonella	0	0.059308191196659754	-0.29732857561958426	1.1554635607724686	-0.46034086483733594	1.4161352868544417	-0.48231327662196366	0.19920192579522378	0.31634881578994944	0.997154953109975	0.32260728913716163	0.1319460960581229
sRNA1242409-Salmonella	0	0.2158133077665001	0.17691139661714672	-0.1761015152829568	-1.3415207854134765	0.6044297228718136	0.5784819917123665	0.06727782369838664	-0.6688090241049895	0.37674539750877667	-0.029615965500393138	1.4729959093416998
STnc150-Salmonella	0	0.3277880515706162	-0.7740729063088367	0.89104844950461	-1.2533815574033635	0.6783665009064199	0.18020649435648295	-0.27365096206268635	-0.7935901225079003	-0.7207895017872032	-0.5663943543971603	1.3237960631147603
IsrC-Salmonella	0	3.983877969266347	1.8807792731568245	3.570205133027808	1.5430160457604611	1.3924715777874341	1.302736336024571	2.025061679400431	1.586556133507744	0.9549103328396276	2.442371297948994	2.2915051355979976
sRNA1288534-Salmonella	0	1.8185309355141568	-1.0000606989142669	1.875901678101573	0.17308565608113025	1.6365072067366464	-1.48499637809065	2.4189576896268568	0.8293493310377666	4.861877743411993	1.2286580393283932	0.8427398147863698
STnc3420-Salmonella	0	1.8300259658463631	0.5003138542373666	3.4115719947557492	-0.6106841742352931	0.9864802022710266	0.0720952770753851	1.23938542987495	0.7578451019462598	2.088070705397123	1.352579659197093	0.9357593539812001
sRNA1290392-Salmonella	0	1.2098572947685309	-0.6528026324110758	4.8998553848467	-0.4728812952936128	2.4637234491763236	0.7349143537269072	-0.8062944029887058	0.4261950665579741	2.2258269528004435	1.0771971275856238	1.280128960496734
STnc520-Salmonella	0	0.4814235675481804	-0.7328586252749636	6.425805748555417	-1.649359141235573	2.276678118897923	-0.23627711694678322	1.05212741006879	-0.08062131614081913	0.8159116528302004	1.186694749437497	1.0393766454920605
sRNA1291436-Salmonella	0	1.8673820738235232	0.8690196813257602	6.934435050765076	-0.5215595819333536	3.177767399803103	-0.6834996567361877	-0.08027584805809806	2.0304006198014033	3.7800200332435	2.6527235690918793	1.4174003096173002
sRNA1291652-Salmonella	0	-0.7535517297683307	-1.2679822728453147	2.6643848467272813	-1.2062441734528762	0.42734583976797724	-0.851371883822176	-1.205326190903625	-1.3336464453582102	-0.7451317234015438	-0.1649320964348293	-0.7350731650230695
sRNA1291754-Salmonella	0	-0.9174059986672077	-0.38410156171781273	2.4971941282914027	4.221270205389313	1.0364019916578568	0.8935271043566231	-0.5116978393576286	3.209107914552667	0.3555705250162	0.35347544443764667	0.7435920898097201
sRNA1305985-Salmonella	0	0.6649152814342072	-1.0299669517653434	-0.08700129288581593	-0.7359283968994634	-0.6738328537698366	-2.863874980720593	2.327665114838557	-0.6969932440774396	1.8297499336076601	0.7319427665346465	0.8121359006320006
STnc1480-Salmonella	0	-1.264668254538683	-0.6366929969352269	0.7699519953735345	-1.0950586176961297	0.5830832557587469	-0.5225932715207664	0.8803603648705307	-0.7586439189719032	3.4117760615145736	0.6742782507922795	-0.4538431218571297
sRNA1320716-Salmonella	0	1.0722564072208616	0.7514277458821805	0.34229616021225645	0.11510883589363019	1.5059127965511867	-0.16531936654133728	0.5280852922537744	0.17633745515891258	-0.038228220054781825	0.1789629207900083	0.4519140126375028
sRNA1321782-Salmonella	0	0.9829768574482591	0.05046276526440674	0.7151992024525935	0.41711243892190675	0.7845004514658047	0.045005790238259014	0.28162640042094067	0.7332676908369413	-0.03831988881019266	1.1010292825594157	0.43964076886476
sRNA1327889-Salmonella	0	1.3793330894667797	0.26538713761906996	0.9684458815641364	0.23473696866985305	0.28908645866363614	1.1085190747615998	0.8978014654728996	0.7293054251532869	-0.4168614835205302	0.48549211135874293	1.2836868022941301
sRNA1368901-Salmonella	0	0.9079823525358961	0.7317974686600994	1.8153438896587666	-0.7282736941686339	1.4272686885840065	0.57336468286764	0.7432011995368226	-0.12276968634549368	1.1641377204488697	0.5527057598287497	0.48593167414526617
RprA-Salmonella	0	0.3034664975755468	-0.06934966908025642	1.5190809485853332	-0.4660655794148463	1.0970431638876597	-0.12379012933516309	-0.3906092485503563	-0.09623008595155991	1.1150751235823635	0.9472465298487172	0.5114835852723467
sRNA1416448-Salmonella	0	-0.2297449384370207	-0.12125230214127747	1.6643609929856602	-0.10653551338081702	0.9885857309724422	1.224757794855119	-0.3385859357470471	0.16512338434223306	0.8328112509570307	-0.19775246499605714	0.2897865611607493
sRNA1418228-Salmonella	0	1.9632343933734449	0.5895689592333531	1.5460031769797267	-0.632690646479313	-0.8569127195881396	-2.2567122800717323	-0.8266437330245262	-1.406883091457063	-1.5670311943731923	0.4554189517195075	0.8978751455788538
sRNA1485358-Salmonella	0	-0.42576954366861597	1.9499248984122666	3.2145856466947995	1.4841191996211163	1.6382281027868464	-0.5209621777467599	0.30718344418482957	2.14398471646886	2.130762466319836	2.266229374045266	0.3212106307447833
STnc3500-Salmonella	0	-0.012521324541486578	-0.2293736526905228	0.9681890375627269	-0.8879875109869264	0.373337040637014	-0.09279415517441247	0.4489183595073003	0.5439387430685265	-6.080488311326349e-4	-1.0590308758498694	-0.6832768735920962
STnc3480-Salmonella	0	2.4240159758567765	0.5437327687290661	0.6158593139985364	-0.19877944332704045	0.6230356371725194	-0.20208214658466028	0.14905273858279644	0.23215190517474982	0.8287143520905595	1.4617784671491334	2.594802381147466
sRNA1548865-Salmonella	0	-0.22762123061135864	0.06505229445281337	0.13531214139844408	-0.20436293851099796	0.8262601788021567	-0.19944592582942863	1.074724650074739	-0.0838321653993033	2.653264007597266	0.21440550037518802	0.520137042587486
MgrR-Salmonella	0	0.35629210056456273	0.1433840457597464	1.8630580629460098	-0.09613899039918028	2.4105612643500605	0.4713582983281235	0.9109532965895228	0.8116751850665196	1.3983503203817236	-0.5299135656361535	2.981344627129383
IsrF-Salmonella	0	-5.027662062095928e-4	0.14464300921583995	1.3332373073735937	0.6462572982716734	0.2809518891484668	0.14151144585553688	0.01460412355119356	-0.011337530640293636	-0.4212251689483768	0.5892335368497337	-0.05037241913970636
sRNA1600950-Salmonella	0	1.7696639378249048	-0.2289875091901814	2.231050609458955	-0.1843902371824615	0.05374198871446856	-0.5187353561713148	1.9665749946519346	-0.5161791509751308	0.45992883018545827	0.7619930890419715	0.599870711424225
STnc1110-Salmonella	0	-0.5188185605594269	-0.8800037348217069	1.8185473351561399	-0.9275651746128162	1.8886724584652388	0.1508065980740625	0.5234818047740237	-0.3674592758274162	2.1077423722312343	0.24760987969992598	0.19944537392987094
sRNA1676281-Salmonella	0	0.6204654324153631	0.2525978889267064	3.6454044993703567	-1.5439386817691785	-0.2395272914356168	-1.1851300732442607	0.36609735782015007	-1.5144332551268178	-0.3400793836735725	0.8096236808431099	-0.298118175613153
RydC-Salmonella	0	-0.07290211835331029	-2.03337331007395	-1.6972594104818803	-1.825633660026707	-1.1706341144612766	-0.12611167630111364	-0.8299130963793067	-2.438818439076403	-0.8647110967791334	-1.059211646118127	-0.09667429147522988
sRNA1706658-Salmonella	0	-0.8787852598872886	-0.0991092886111965	0.5385891697926217	-0.3512054024377923	1.7253872969373982	-0.3109623324557552	1.9306322479451916	0.05358016895248019	3.7507108480963347	0.023555824351612742	1.0921995019336754
FrnS-Salmonella	0	-5.374191406536843	-1.906302208998893	1.6844254972044554	-5.6178351931768535	-4.732070553846446	-5.856387702493032	-3.17996327665932	-6.60473061997085	-3.185711888196443	-0.5886402627033265	-3.3872865057781
sRNA1723671-Salmonella	0	1.4503716605343837	0.8708033882601698	2.9978455644667465	0.5315816689854667	1.6583663713132069	1.0730030112877236	3.0148314836977668	0.45237033921712344	4.001423019679541	1.5918596502675904	1.7361193330016733
sRNA1753147-Salmonella	0	-0.8932113288368466	-0.8033471162267003	0.6795639097931234	-0.7157090971015365	-0.1432643590942968	-0.9505775101592353	-1.2329038118856368	-0.1464546533046569	-1.9593723674448116	-0.943478434447028	-1.2005779433415802
sRNA1764707-Salmonella	0	1.684211997869224	1.4028122940028362	2.542520000642363	-0.9286210921134201	1.3319149463588706	-1.5337168525525597	1.3349775212406803	1.575554942666197	-0.12532358680906963	0.5266531901213467	-0.46962313552660984
sRNA1769418-Salmonella	0	1.84657904177585	1.5443010107919437	1.2333653011270824	-0.043064537718697005	0.09263912963783127	0.19038481995075407	1.1086197819636783	0.4277233850075919	0.6451945603676437	1.8937668472174436	1.9576763551297671
sRNA1775237-Salmonella	0	0.7105207405515347	0.599869709299017	1.730655890491124	0.011105957879984363	1.3599373394585035	0.9894138864866536	1.0438544904625928	0.10131763141204408	0.17624001569526737	0.28776600393184704	0.5077559767464567
STnc1270-Salmonella	0	0.8705465064725413	-0.6195247717198242	0.536525564291642	-0.36542394195888406	-0.1398341004530117	0.35608027442704326	-0.0015255385784378461	0.4218665192001101	-1.3444391193102305	0.2542895644803096	0.775388812029675
sRNA1799792-Salmonella	0	0.2873433350507928	-0.3337522331034002	1.5440428090488822	-0.613525215684961	0.31573437991604614	-1.0914387990476013	-0.43358901113277093	0.025998791947814404	-0.06295922615337757	-0.4887021443477102	-0.26725125142924977
sRNA1804100-Salmonella	0	0.3315481010463768	0.5537708313732495	2.379795412013956	-0.14635476549852533	0.5325669663522019	-0.06688841427010794	1.0494650406063126	-0.30796596440164137	0.15258579323968902	0.6157976343785394	0.27742825620498834
sRNA1809591-Salmonella	0	3.2414171578260502	0.06414329558356346	0.6034827917452565	-0.38087291813461643	-1.7773720837284461	-0.6672510269219698	-0.059722345948463484	-1.5289075150369262	-2.1658856376118534	0.23496465228465002	2.4059032715964195
STnc3600-Salmonella	0	0.23207264284042717	0.30536981413684616	2.1738748204075162	-0.35766275758545674	2.7813994360738534	0.5801162624384433	1.1319542208439866	1.2868063126048863	1.0215856092467566	1.0870534146251734	0.5966496756824733
sRNA1834529-Salmonella	0	0.3208108749964831	-0.2363655165674139	-1.396224424575113	-0.2255047559035539	-3.212157776286627	-0.6220614844335168	-0.22922749829957656	-2.7161321057194137	-0.9673290866574167	-0.8560525604072504	1.7496487701775205
STnc3610-Salmonella	0	0.3526280105232864	0.35744498046963624	1.8990292188105498	-0.0015586139281973388	1.6561093473085426	1.3347662294224794	0.44463301894210616	2.38936791385135	0.2083099804799895	0.1558846451057896	-0.22864687896807023
sRNA1885987-Salmonella	0	1.4275189129904282	-0.21609418092187704	5.285424845488522	-1.125009710508475	2.079957045277641	-1.2712318744322537	-0.41207926887588764	0.33350424899054265	1.2745210263065179	0.4645348264780558	0.15278214277899793
STnc3630-Salmonella	0	2.4638574305577503	2.292375667733907	3.795749195880253	1.2240827834395471	0.5085473035361598	-1.0214407346994967	1.2458048096219834	-0.007854950678059858	-0.47407938150109974	2.7099371140389534	0.5276194314065799
sRNA1909049-Salmonella	0	0.7729092035632465	-0.11743089256332673	0.47350151940042684	0.3857302520525434	0.2626131048391134	0.91910585449134	0.4541475466578899	0.3714748618092534	1.3995388550925365	0.28795665615490673	0.19923700702340996
sRNA1912451-Salmonella	0	0.8173678744921236	-0.02434558630948347	2.48696685870904	-0.32965998830824006	0.5011228749005068	-1.3428849496515798	-0.09263980035821673	-1.10922737714258	-0.036443691856223204	0.7535304121441135	-0.5473298634565267
sRNA1913155-Salmonella	0	0.9068190491253798	1.0746273566648497	2.0797230518192866	1.1476701038739265	0.8476706582674498	-0.4675801996676101	1.31860280272072	-0.4344660202534145	1.1662822687163565	1.666903970672203	1.5941328610978567
STnc1130-Salmonella	0	0.07297646380529699	0.28167687606642344	1.2979729774701836	0.022144625905446524	1.7823948607658266	1.5693623701918336	0.8139943955616036	1.1155211511906002	1.8795880769200206	0.9325607387255168	-0.22276064881961988
STnc3640-Salmonella	0	1.98282870017793	-0.29609983647537996	4.582255122166027	0.18282717554912353	1.9001909076622634	-0.9227841673106936	-0.31796346287331323	1.1672728286480867	0.33995677449004	0.16876475804928992	0.8233114510854267
sRNA1922930-Salmonella	0	1.4955567432452366	-1.1513944394373503	1.728612939902943	4.892127753146763	4.159185391438367	4.253812540930676	-0.3006170592877404	5.133288276515517	-0.4551817153223805	-0.5366921294333538	0.7645436382044597
SraC-Salmonella	0	0.6485578666270504	-0.26106555415814015	2.0943078486175866	-1.246515622251227	2.8259870295827296	-0.22479967163151304	-0.6001525759532331	3.541096182852974	-1.0284076122516073	-0.88943905093433	1.1114795111258529
sRNA1954465-Salmonella	0	1.2034060699866034	1.1257244278678136	1.1613888336411233	1.6428638825333528	1.2826179725385867	2.3356495905155836	1.51924024812581	1.45424025873525	2.514962022619964	0.8682471345024365	1.3442586415756534
sRNA1954754-Salmonella	0	0.9799531436862048	-0.3253551342248481	0.9982574784854648	0.09885004559065935	0.32788319473553895	-0.020242288157384047	0.645305037902828	-0.3618626926984211	0.16655666627465804	1.3139745707148278	0.1285895162988584
RyeF-Salmonella	0	0.3459488735356837	-0.5713792145142169	-0.7278142032261901	-1.2468303711958835	-1.1456866268565968	-1.0560893326752683	-2.222556505289847	-0.6620507627325836	-0.9355499234424265	-1.2495497430620501	0.08028593125851291
sRNA1978641-Salmonella	0	-0.37275282602611803	-0.2222239239130117	0.543531238910463	-0.843419378606	0.38110998690028164	-0.718998611518308	-0.22818156038948167	0.43212125835223314	0.03817968833315866	-0.233652603736626	0.6093002476750449
sRNA1990615-Salmonella	0	1.4354060808463895	0.2563478579276133	0.5251906251587828	-0.3382679246709408	-0.7423546570486668	-1.7818048321421638	0.46118099168471627	-1.0789274646076206	-0.179200447825834	1.4078788052922526	-0.05943484753919037
STnc2180-Salmonella	0	3.4851636670471997	1.078258066712304	1.7380609874622603	0.8080974643285206	-0.6590862396745027	-2.0628356670082404	0.16357479023045673	-1.073831304627526	-4.1197464460139095	0.9657509205236838	1.650260384916006
sRNA1996681-Salmonella	0	2.3253732052949765	2.2563583963621303	3.8535230962305667	0.35402984310682006	2.0581136473034367	-0.07506814078588242	1.2167430232438767	0.8085794218118867	1.8566980376594033	2.5884726750266367	1.3774031187990068
sRNA2001590-Salmonella	0	-1.0303516958817798	-0.8502874330258199	-0.46277283003857317	0.0185527411391071	-0.006480501216882928	-0.9863831985115863	-0.4259214538181797	-0.02070059615936337	-0.15146619675750994	-0.6959813604710532	-0.5915780866054097
DsrA-Salmonella	0	-0.7590001673066027	-1.0237919670961997	-0.22685823795231785	-1.57466444335701	1.3939425849494738	-1.39263629026378	-0.4782742802621385	-0.4802352721873766	1.525452398996487	-0.6298100133722531	-0.5872093020189502
sRNA2037036-Salmonella	0	-0.006524621444921941	-0.42911587330453416	2.9755150874423055	-1.1729529679737654	0.3286745415408221	-0.8135628916271795	0.6162936499372289	0.18284361061215204	0.29079262453926735	0.568573567342362	1.2078903065172686
sRNA2039748-Salmonella	0	0.47856851435704373	0.27699887370269716	4.203886026196287	0.08520882480569991	1.908716060386817	0.3893893560103572	0.8992385751939902	0.8649934844560163	0.8425969718358064	0.7731401142824805	-0.018973824651153492
STnc1280-Salmonella	0	-0.4987758397232467	0.7730426162157769	5.418427011852019	-0.4601350476033601	2.5569833168119964	-0.017317335515059984	0.934333480855607	1.2947754613012363	1.7444980431965837	1.8370133132927067	1.1768039532258938
STnc1310-Salmonella	0	0.5109888620473306	-0.5806993411470893	0.6351571638468974	-0.12111657469229353	0.4911073744988199	0.13389985278184025	0.8312457992025237	0.6935006309813474	-0.1343073760845126	-0.9152186193216365	1.423094628596897
sRNA2073454-Salmonella	0	0.4284305925713867	-0.15337598780295325	2.9395684592761864	-0.5117411669131622	1.0160730492063133	0.29542846047966664	-0.5140651300663468	-0.5124855184501	1.1276795877398	0.5242640495746467	1.531520673179203
STnc2050-Salmonella	0	2.5786060227038297	-0.8044535246014402	0.4714466250893894	-2.1673952262543006	-2.73008524781615	-2.733269782120657	-1.3789527051223072	-2.767294433916074	-3.115349480976491	-0.6241864279778366	2.1381275913412168
STnc3680-Salmonella	0	1.0537007089905865	0.3102485759124265	0.4960293717925597	-0.03310148750604358	0.5365609335733332	-0.3186239741838419	0.9225598811377662	0.07544305247972294	-0.07679051171922358	0.4678211068239533	0.760630475225023
sRNA2111563-Salmonella	0	-5.964793923057439	-1.5662166711519836	1.6924198548666993	-3.6172314883153267	-3.785237827951347	-4.615512090757737	-3.0770527388674767	-4.7368878550853575	-0.9303610223080403	0.020052474369843587	-3.3524346811677637
sRNA2111772-Salmonella	0	-4.517493612277786	-1.0784530295661536	2.7448242293064107	-4.115343439254527	-2.2939456702487204	-5.008746253209455	-1.9663904497125202	-4.293389909935627	-1.1768829744258236	0.7534606913399937	-3.2012719033716235
STnc700-Salmonella	0	-0.40655136023378	-0.7651046291954833	1.3849271213174164	-1.0998723572378304	1.3021014872127528	-0.32396888173404337	0.5967626891169169	1.8407696821267598	-0.2765755555775571	-0.7862936163783236	1.3598878779481933
sRNA2176371-Salmonella	0	0.654696144734495	-0.31473800836736165	0.9065290549709917	-1.1040112632424532	-0.7733668820155535	-1.6751913257599833	-0.11381695795110547	-1.439331853254348	-0.9638953637941685	0.2690510735699281	-0.8312742714451351
RyeC-Salmonella	0	0.612408624970489	-0.9061086659910007	1.5366369559887225	-1.330484707052967	0.3122987120758731	0.09882778077741605	-0.4492682036493072	0.27970681238165973	-0.28870758863719725	-0.08456708598769413	2.6393267763018997
STnc1150-Salmonella	0	-0.09813378671572348	-1.5602795850795603	1.7363663281836095	-0.5050732364947237	0.3952820399889134	1.6459600368012062	-1.1106341440559664	-0.5499089557289132	0.26795769558871285	-1.1196608780805128	1.5535003042660298
CyaR-Salmonella	0	-1.2849390689090066	-1.1317601103727264	2.2854683754935037	-1.9399821252726461	0.8783812203092705	-1.6807466259861563	-2.396059077750845	-1.5604120022659895	0.7481169748128771	0.9099672740305671	0.5668820774426298
sRNA2239569-Salmonella	0	0.28777238458609355	-0.5809598711583663	-0.8576863382560431	-0.23471934291376861	0.2908670874325634	-0.8123460344890541	-0.14073248891400647	-0.9338595229135773	-0.29422477816580983	-0.7136784915164864	-0.2258897907110664
STnc1330-Salmonella	0	0.4139508620836203	-0.519617458008633	2.8647130094834434	-1.1122237240690007	4.584696074470067	-0.9738109203389	1.8133377237856099	1.386789309804283	2.2185346808392605	-0.31207314651353	0.8123859688060735
sRNA2277763-Salmonella	0	0.12439333205437364	-0.7858281088352044	-0.30590180550083246	-0.3111217039696703	0.2792308143620229	-0.614629912522787	-0.22738643302686068	-0.4514064330485267	-0.40920490732083925	-0.8032500857272535	-0.03213089404928238
sRNA2285422-Salmonella	0	-1.408559841944924	-0.17921372424245074	4.021833329008273	-0.7536896974362008	4.068524011345139	-3.111111144507257	-2.562693143319554	2.7687028716051865	0.3957288039015294	3.613057896190093	-1.2555395074669438
sRNA2288832-Salmonella	0	0.48618864591175903	0.4309336461016329	0.5286358150232371	0.12918710312259174	1.1476576103754557	-0.5827501069811705	0.2605585366494294	0.8187864263799718	0.32382518474681987	0.6773060064992642	1.8790589304742826
STnc3010-Salmonella	0	0.9401550982418692	0.4601611703717734	0.24661009614658314	-0.8006737717154704	0.38266235914383984	-0.8285097625696438	-0.24926957574564046	0.6832407279185762	-1.8221794474629682	-0.5434618808638838	2.1140280435107566
sRNA2311944-Salmonella	0	1.1721787692708105	0.2804892197601174	0.6980173538396357	-0.14009987938959567	0.26081030789402027	-0.08955685239188438	-0.19150352661513736	0.4526185046781448	-0.35726286036792665	0.07952372935792873	0.8721852422228773
STnc1340-Salmonella	0	-2.7081475350057573	-0.7958568789795937	2.882916418035806	-2.38536303759603	0.04771856045509626	-1.9211133791281707	-0.057480195792103395	-1.1706801124320538	-0.713828940363654	-0.5045730110316802	-1.4410734183200038
IsrG-Salmonella	0	0.5765198386506549	-0.21777769643841877	1.3271352264793763	-0.2524267161456197	1.176915784359398	-0.2415501565136666	1.2174265475861124	-0.24070982469090701	0.848420020962263	0.712825470416455	1.4972326756743253
sRNA2364248-Salmonella	0	-0.62617627505244	-0.7463437881200266	-2.5934975354711733	-1.90008677003599	-1.8434285137870665	0.005513668665050098	-1.6736594560285667	-0.4522746099350501	-1.1431582583655464	-1.3978614020441769	-1.81642873870006
sRNA2364333-Salmonella	0	0.011217152496689753	-0.4789584106243101	0.02724531922465312	-0.2604880261676903	-0.8784413139423572	-0.10147888650093018	-0.22175176330702362	-0.059202436324743424	-0.8286484349098695	-0.7541895648075543	-0.2216779630109469
MicF-Salmonella	0	0.8806839391297032	0.5936557616667866	2.0935538051232863	0.2594725222518335	-1.3237708072155867	0.2697046354274635	0.4527941838782401	0.2582530916764001	-0.2534153693024801	0.4378983663910234	2.056714045207367
sRNA2374312-Salmonella	0	1.2353452612956168	0.14269889207996345	0.2658534389977234	-0.4927260752691667	0.1076355449971067	-0.2443670997339833	1.1589761869876334	0.04493491941576355	-0.40333224551234004	1.0812407645260933	1.5755271973192935
IsrH_1_2-Salmonella	0	-1.9654955420028533	1.2416554835319364	1.4139761063084904	-2.3853204966271866	-1.6303281672875256	-2.2156511664310234	0.19180286265848645	-2.2322681720495066	-1.4093415718788633	-0.3900253483134368	-1.7026448700942667
sRNA2421910-Salmonella	0	-0.4754675821776404	1.1366055863453495	0.6108814665479501	0.20288389707065324	1.6891945584602563	0.3350190051515365	-0.0693040957302471	0.6413523793255731	-0.15970623160559327	1.2365157491030896	0.19933082289111326
sRNA2425315-Salmonella	0	-1.4548019259107534	0.04929855673473327	-1.1396930471443767	0.7988313674846301	0.0771058122352466	1.0877929874615395	-0.5726779346399802	0.07504263016719337	1.0440745498730166	-0.06469727123612001	0.59460923459643
sRNA2437186-Salmonella	0	-2.00435260057973	-1.3882942897360402	0.1707221163669801	-2.2244334097691936	-0.5739517868542268	-0.7994357067039135	-0.3004046752927034	-0.3314929552503503	-0.27073914332212023	-0.8206320994709402	-0.009129611277789884
sRNA2437382-Salmonella	0	-1.466226695077716	-0.40857627256315254	1.3138487888306303	-0.6646035729449293	0.4483195924281773	0.4031866832081006	0.480189355465944	0.06457272521337032	0.533028394950537	-0.8105046279701131	-0.17449973694541665
sRNA2439004-Salmonella	0	2.189303371305863	1.9057080500146668	4.710994198858214	-0.07660082097931031	2.219480085641896	-0.24795942967284024	2.621777095413907	1.3873667569346093	1.7839395600672496	1.5867647341048299	1.8425995627358969
sRNA2445415-Salmonella	0	1.0168027531312327	0.7885831435642996	1.8703040594570868	0.6330020113754729	1.4894018301354701	-0.1182445381191104	1.1058989578222165	0.6311989796105002	0.8130236603310865	-0.12333249856998352	2.2016966492740333
sRNA2462088-Salmonella	0	-1.5761425213255063	-1.4623492306793322	-1.5114049821549427	-1.9143077033329368	0.782235975150575	-0.7807134552701467	-1.8813716868641817	-1.7813223874843982	-1.4827905815877198	-1.4191131241543777	-0.7310106516996469
sRNA2499837-Salmonella	0	-1.72477311516751	-0.5892889129655532	0.9602550533997367	0.07340513792772008	1.5327918892993195	-0.6662194410542734	1.0445111438034433	0.50326320344531	1.3527789782301398	0.41272286782790335	-0.8229652337679734
STnc3750-Salmonella	0	2.6105826507872605	-0.08680953648909995	1.6933977837864134	0.087179355736412	-0.19921023676438754	-0.7353079438279843	0.6069612669329667	0.02999349139124563	0.87348326229488	-0.6907236267482006	1.66311165932299
tpke70-Salmonella	0	0.2751092757679767	-0.42006588050756233	2.2373781229117666	-0.7955430524306223	-0.23737027699418012	-0.6591515734980946	0.13661838107048352	-0.5042795187131852	-0.21325765432204857	0.20045672251721358	-0.27794242503571076
sRNA2514922-Salmonella	0	0.9773752360908898	0.3052097514098051	0.8500306600842387	0.7477151360028766	0.36403539086471737	0.79343921579515	0.287597722757545	-0.1809283159230236	0.8210028805631471	0.4436870493913201	0.2882132367090533
STnc3760-Salmonella	0	0.007709940480049693	0.9605652576105006	1.5903812805656004	0.09701289070567998	-0.25942103533280814	-0.23259838718612233	1.0963922662486678	0.27597514904003595	0.583289430949067	1.2742297103570044	1.6577184253433077
sRNA2522758-Salmonella	0	0.2101382056995018	0.0691895156874196	1.359953488756527	1.604409140025987	3.02436056053494	2.5670156404009905	0.5446068002726068	1.52564407721676	1.2084637229031368	0.3481272475215431	0.6951719789528201
sRNA2542137-Salmonella	0	-0.7840687135295559	-0.5617010274718321	-1.1453395041595762	-1.2533591770296955	-3.565546923514436	-2.061936603985666	-0.4195384589002362	-0.9202066911146431	-2.5433035195473526	-0.2462005290068232	-1.7460904131498731
sRNA2576882-Salmonella	0	-0.5034024756382903	-0.512771718441298	3.9123140996522943	-0.31981311311028865	2.2012281884733844	-0.30214171784244864	-0.13591653134786766	-0.034454420476646416	1.9624651088093878	0.3229388900023387	0.6371951603323457
sRNA2594638-Salmonella	0	-0.9527163681859949	-0.6733425906742099	1.7274138422440002	-0.44461459209052645	0.7397920243253733	-0.7938318668045534	-0.7196231525294565	-0.19085342854010356	-0.7602259200023465	0.5853259313308565	0.41644533467950007
sRNA2656150-Salmonella	0	-0.39037536918077986	-1.1876702707929998	1.31931805170918	-1.7430696683736802	0.5200114907101465	-0.5782536248507268	0.21736954850586354	0.224500210017907	-1.5840051609687031	-0.9469550107902895	-0.19116990797668354
sRNA2657631-Salmonella	0	1.4217733615735164	-0.47438131039422526	-0.42955925521520955	0.04915112343667538	-0.6107267948166123	1.5636914701197964	0.5331843844336596	0.003749070252003439	-0.31197878023678993	0.30630627333745297	0.10322050110915193
STnc2070-Salmonella	0	0.17716878652135198	-0.6595742722490296	0.03147818566631495	-0.42612240244672067	-0.5405156143691299	-0.5463157342739946	-0.7405172140205856	-0.25070690868512463	-0.5246710340757272	-0.02352205140418913	1.0135540196512396
ryfA-Salmonella	0	-0.01169179879575033	-0.2857744324178171	2.3502006835916927	1.0381355847619922	0.7086511696421294	1.1090212354408067	-0.06252516423842458	-0.19743342443677037	2.3610985552883594	0.7084728755252154	2.269770573473659
sRNA2678384-Salmonella	0	-0.4724684412364333	-1.2635685989559735	-1.3976449193086697	-0.7986327499137333	0.41943765570538627	0.038526294812056605	-2.09442469347632	0.1641139372589735	-1.88164700439814	-1.3338222122629944	1.9256874680786868
sRNA2692792-Salmonella	0	-0.7634158766359522	0.48780599754629694	1.9929368606734035	-0.2876255300620767	0.4646163507828498	-0.25371212185595304	1.5487464749510633	0.9510375190276337	-0.395298170481194	0.7393972281910233	0.9014082949882334
GlmY-Salmonella	0	1.3056006791130406	-0.5960040465514531	2.6848592541325775	-0.8311108521539499	0.8533051134030805	-0.47100146473367666	1.0975332418727675	1.0518990697646702	2.6800088242045206	0.9836977508746667	3.0265799754623206
sRNA2723182-Salmonella	0	2.71614435068384	1.0102885306912266	2.670010457356657	-0.9131261002918992	-0.2328871514201607	-0.8903244685047242	0.7980523373585964	-0.8923471425344586	-0.60396262604675	-0.16759426288996726	0.12512404626931217
sRNA2726526-Salmonella	0	1.6742044374818221	0.8069054520150691	2.751070929324076	0.11607283518299627	1.0115769757685291	-0.057814165246829585	1.492967002179929	0.3775986761179466	1.2836098480020726	1.0983132711441257	1.4758917799896822
sRNA2728577-Salmonella	0	0.466842323986316	-0.6679840295874061	1.8733718012376892	-0.6722020214927057	1.229053811704556	-0.10305836769282606	1.1039398658268724	0.5666375575703295	3.1583231380009353	0.9123890169996591	0.2523383232155658
STnc1380-Salmonella	0	1.3671540738055041	0.3778063088054866	1.0614415529240508	0.09849283970374056	-0.8304795977712436	-1.32962179780717	0.6439059675090473	-1.6872349656700099	-0.6821691197466597	1.0233229882770667	-0.47082552093081365
STnc1920-Salmonella	0	0.691554255901873	-0.16125121032131018	0.06257766782894958	-0.16408122604842346	0.5121668568335966	0.5624629116546767	-0.08837879792740644	0.4336783592915534	0.05597313665436987	0.8528853332579134	-0.26068275063624013
IsrI-Salmonella	0	-1.6426452457696596	0.22639375678843	1.4112128528158978	-2.4850900867455863	0.4657859694404509	-2.1717950609448904	-0.3358756945511434	-1.8403956793392533	-0.23004266311793664	0.13572972879393674	-1.0885104583296528
STnc2080-Salmonella	0	2.3729428629930407	0.13528065647739496	3.601783036090481	-0.6883430999929634	2.3332992985076073	0.7184166830919043	1.3839468223896176	-0.5791537079482423	2.8357368109233674	0.3168396638334574	2.2606328316780075
IsrJ-Salmonella	0	2.064738726825312	-0.4104291414584447	2.4291291871193788	0.43089788895151765	0.36914229810199	0.42491313384473134	0.799248764906122	-0.20458252672035457	0.3646639095213358	0.12466358226670965	4.132748583594399
STnc1160-Salmonella	0	0.18918580959847286	-0.4175628389662571	0.06987309538039788	-0.6528958590037515	0.0327834991648257	1.1339162645809364	-0.1618058146482182	-0.5789733094387842	-0.3469973891719662	-0.3233509878980918	1.340536685258836
sRNA2763575-Salmonella	0	0.033084179691210025	0.10733797982298698	1.8864801015694201	-0.15855019645115975	0.19185539261356688	0.6333085124106703	0.3221621792917868	0.29208895141954017	-0.3501782145032397	0.5324440427196202	0.43636383345795027
STnc1400-Salmonella	0	1.1547242673994162	-0.5511197707669604	1.1976730580950363	-0.09962205616847664	0.04458672495280336	-0.7506041698593369	-0.9081540330210367	-0.9100933226156935	-0.36001755577195693	-0.053857221170813485	-0.026602722599923467
sRNA2797098-Salmonella	0	2.894489860577796	-0.48381973483501994	-0.7125495207470367	-0.6336550932567269	-2.3812616853757365	1.734072076854213	-0.978331721993543	-2.1520330469868965	-2.2617335894137867	-0.3364782455297597	2.4251727129110936
sRNA2802132-Salmonella	0	1.9816900660546546	0.3583358582534242	1.9327377971601605	-0.45582115258547606	-0.8373610845201567	-1.9177527629516833	-1.285615318395136	-1.7231583504035228	0.46801804082005116	0.6884361448047214	3.0694200107564535
STnc2090-Salmonella	0	-2.5190107402127135	0.13790678495665665	0.99891905116159	-0.4986516421025935	0.32447670318184674	-0.63640793083104	-0.07792302947730345	0.25092812390029007	-0.8777813246661568	-0.08335773997883678	-1.0164873391341431
sRNA3-Salmonella	0	-0.7102065334858136	-0.5211571341714536	0.35708123845817674	-0.4689361241078802	0.72576178197665	1.1366711642499037	-1.0852232345489967	-0.25575659640250015	0.13489578768722632	-0.8886397220272624	1.3383728504861536
sRNA2838164-Salmonella	0	1.69734664189266	-0.02840351058268442	1.3920805414293769	-0.34601823179400937	0.19893433174560993	-0.6310625047200471	0.02182320311318864	0.2712323387354082	-0.1292776711978364	-0.0925682155977624	0.1344164192452889
sRNA2838573-Salmonella	0	2.083734181546532	-0.15881621699145146	2.6848865892721485	-0.2690558235848214	0.6077395230284576	-0.25634114801525615	0.3335979036751492	0.16095473953404446	0.17831015313562246	0.044118366010168525	1.4328741360943822
sRNA2893899-Salmonella	0	-0.4923753353107836	-0.36032117990804036	1.7968427101701998	-0.72987129131125	0.430717886590533	-0.906692654088217	-0.10571197822179634	-0.533874135703007	-0.7273864808055066	0.9336712329209265	0.4721700165749665
sRNA2922423-Salmonella	0	0.3556854341786231	0.5736351315596364	1.2738658425299958	-0.19110412450159675	1.816430182010956	0.07566774622875627	-0.11898574050395005	2.1122271677607927	0.2165228641706598	1.7375953164622961	-1.6779552657912338
IsrM-Salmonella	0	1.6876641953750682	1.0488511668648248	1.9995514511469945	0.17873511214278204	0.014216202168001235	-0.626129189682025	1.1164123802882748	-0.5097967817260558	-0.5834380520130105	0.6100671235326878	0.8345534657705513
sRNA2935133-Salmonella	0	0.49761098927488323	1.06918426109958	0.51122920034764	0.7086102584698271	1.2424766776448264	0.280378015586523	1.3814241100204132	1.4045095246490167	1.5612993828729334	0.4228926407051432	-1.2420498725398033
sRNA2948961-Salmonella	0	-0.12160671624289954	-0.7676686737115235	1.7806475815876768	0.16584655077495647	1.5845801327665798	1.0824962990822904	1.3110776229322632	0.5902897170940369	5.946234190834247	0.47515701501858043	1.9071131446681866
sRNA2950623-Salmonella	0	0.11736635225796466	-0.20283323864215896	0.7910079831705126	0.665643822694084	0.1558831845980171	0.3001603715999903	1.4411566958724207	0.1403409372822363	1.229721601963243	0.9861652703411568	0.8577131664167339
sRNA2969551-Salmonella	0	-1.86828248617533	-0.3228818043112538	1.1499263185913167	-0.11864786058467391	1.7374342752437233	0.4971854362981496	-0.009848620357813864	1.4521352783921495	0.34760456316118304	-0.1878340492146373	-1.1361881235382967
sRNA2969723-Salmonella	0	-0.3562042722338976	-0.004602948980477084	1.080087303725566	-0.5950867216060229	0.786006775518693	0.18683645844079932	0.4199929555358364	0.5048018056816996	0.11497001904844772	0.2707234520749131	0.0256669591935601
sRNA2970828-Salmonella	0	-0.29944551326296986	0.17804015480576973	2.8268242545191495	-0.929432239508238	2.1176152908247503	1.0841094028641267	1.2535263753036467	0.22561944239702658	1.3334488840577197	0.035461878998582996	-0.13866993627155688
sRNA2993440-Salmonella	0	0.4420974343466373	-0.36772148416253003	0.5351307786825066	-1.0307604430584867	1.1906356085190408	-0.00252366439958962	1.0184055657210704	0.7416868401196606	0.21218053648066082	0.22376416362277673	-1.212358399316253
sRNA2996715-Salmonella	0	-0.3621570017466298	-1.0172274024912098	-1.2363829197297163	-2.3867974188919963	-2.6969184487024997	-2.02605622372821	-1.9556388390765367	-2.0842158724514763	-2.5103689328101764	-0.5468616403783595	2.41772439364341
sRNA3026078-Salmonella	0	0.12358780130996588	-0.18881792263226072	-0.3753371949161137	0.012322272439623305	0.5335959626076137	-0.2897293348813258	-0.532042243583712	1.2394332689397953	-0.3712049289708778	-0.31453631205477456	0.571199798386786
InvR-Salmonella	0	1.304370142390364	-0.8479525163661932	-0.41874879185329306	-0.7256462893941698	0.2537146370222638	0.1315551275816933	0.13400607999996694	-0.19940703050070674	2.5493531836550503	0.03726913896688	2.7959922796701404
sRNA3114590-Salmonella	0	0.531606418026554	0.7639743990980851	2.364344242291522	0.10446573973015671	1.5514522762191683	0.34662243496010137	0.48240854466278205	0.7947837539680987	0.5758787175453602	0.6634310785991494	0.5643483753219037
sRNA3116519-Salmonella	0	-1.341949702968924	-0.38499977815644737	1.1109691668543196	-1.8009639374661508	0.36460782798316593	-2.829558848080417	-0.7956920833931007	-0.49169305426814436	-1.2646617320850204	0.19402655775075583	-1.4536671356610307
sRNA3117025-Salmonella	0	-0.6847254695408966	1.061988522236537	1.8402505839857537	0.17648364037638675	1.9566043254400571	-1.8861745626198667	-0.5142521592810101	1.3350619769794307	-1.01358282122455	0.8845887877063934	-0.5476632974117002
CsrB-Salmonella	0	-0.08741688499283384	-0.1261344688613999	2.9527092383144335	-1.101718342665567	2.1044890432109327	-0.8396044448289999	0.033403059287532955	-0.339238965340801	2.1509479594793	0.48937741256830236	0.7028193900425315
GcvB-Salmonella	0	0.4994416268693005	-0.13665354599879898	2.3298340567514995	-1.595447467882133	-4.644623698899476	0.7396002315710675	-2.1644138796278334	-0.626687286906467	-2.7464106265131996	1.3928523405570008	1.0352797880621676
OmrA-Salmonella	0	-0.2727503944657075	0.47223649280491986	0.18765892597659262	-0.29962731286986743	0.5766052906627865	-0.4664385038806699	-0.14133119557093576	0.4867887338447332	0.06933704769912707	0.9828602005685834	-0.019766968434104415
OmrB-Salmonella	0	-0.4732992732025494	-0.5421459894315097	1.100015445451577	-1.1234617564762326	0.010918803479413874	-1.5939973309071696	-1.404706646325523	-1.5622871876141327	-0.7382691702999367	-0.5659276201771499	-0.8337831166892329
STnc290-Salmonella	0	1.3466845506131264	-0.10281498943674627	0.20359006639538713	-0.5267405936232397	-0.9756158209991095	-1.1873079153165795	1.3387814708503338	-0.5817263184774064	-1.7925873532183196	0.2766876364359936	0.5808981642131474
sRNA3217119-Salmonella	0	0.32179908732193363	-0.5371547545618198	0.25475884411460337	-0.6583207188370632	0.39358312822134334	-0.4141905743828509	-0.16923672303147308	0.2133297029789336	-0.7486461196555432	0.36438715015785705	0.28995527015645006
IsrO-Salmonella	0	-0.7999120270477902	-0.17296367285630332	0.06174082690607019	-0.42468956470649344	0.9630579203265661	-1.0169680799706535	-1.18461809497713	-0.2045538653912402	-1.0178806692971136	-0.2806315377491799	0.5664459654024867
sRNA3241625-Salmonella	0	0.17688777178026371	-0.22865227157802637	-0.33221262881625746	0.10243379270150998	0.6326882665996765	0.7320159043976799	0.5653121782478201	-0.23308170299742015	0.3919394360867252	-0.041271826922835375	-0.10652329733971988
SsrS-Salmonella	0	-0.4634054236306664	-1.4150225528167333	2.142148881041601	-0.6234002968736654	0.8571741199494678	0.24543049950513485	-1.2674179503437326	-0.3904577999095	0.949830568941934	-0.7851349050948322	2.7759546349664674
RygC-Salmonella	0	0.45340319708459376	-1.76924785798081	0.021940870214156583	-1.0575909389788132	-0.5701265103019999	-1.0669811541524834	-1.4696255159227603	-0.9108664261718467	-0.9473895582623202	-0.6989120691713531	-0.36513640672648684
sRNA3259138-Salmonella	0	-0.07938878300283037	-0.6341066104333901	-0.3880094818897071	-0.2991046924500136	0.6116288833220063	0.32514152183163336	0.06775380262738917	0.6305766377302229	-1.23766762577967	0.1303656572879932	-0.6665518382798137
STnc3150-Salmonella	0	1.0445283372706298	1.267792986478173	0.6869415383977033	1.18405649807658	2.5360572654088402	-0.5446220960985535	2.6477802621904765	1.1476615946330204	0.36668259804266645	2.1718458674097167	-0.405833384474537
sRNA3274017-Salmonella	0	-0.2370882456666135	-0.24131535372751106	0.13469237402918066	0.21272349878962293	1.6091168532437383	-0.04874374193201081	1.152215024656516	0.43420410664796694	0.9398023455130347	0.6335658951858486	0.45799720041953396
STnc3870-Salmonella	0	3.28244533953248	-0.3529944313093769	3.25158842025083	-1.508080480286528	-0.4790614199185703	-0.94459737233487	-1.0216814527238367	-0.03850896848575669	-1.2759670570532538	-0.30086674325343665	0.5069965322283001
STnc1170-Salmonella	0	-0.6028818417625499	0.6256153539709102	4.724802626900523	-1.1683580393075352	-0.5389198235340702	-2.2492620869203366	1.1188932813918298	-2.259458696991672	2.164569080878633	2.249423843491873	-0.36462337476511
sRNA3312835-Salmonella	0	-0.48069670392185737	-0.3106959122105034	3.57766129241422	-0.5769046134260539	-0.5982763918358764	-0.561399379985102	0.6804642788128232	-0.15390186611556078	1.3122634928276196	0.5715481099457731	0.34437064775384596
STnc3890-Salmonella	0	0.34642002594633636	0.6394716718127365	1.223469032882213	-1.0084212852415921	-0.18617015294943173	-0.6027154577751506	0.6736695649468096	-0.5544568915348345	-0.1674128669535513	1.0716312653359732	0.05702257684887324
sRNA3337545-Salmonella	0	0.7063417400782099	0.4253846474010663	0.4465101062781063	0.10306404927966639	0.6495298979815765	-0.052205462082813625	0.5432126463326266	-0.2767855179982974	-0.47860709687612357	-0.04066354657589022	-0.366368816042707
STnc1820-Salmonella	0	1.5630043044312032	-0.030458805959628243	1.2407423915992637	0.4314744699080433	1.15396398123764	-0.24304652784998426	1.25836979535431	1.7820585527008133	0.17126036255798005	1.664392704060767	0.3065134324283101
sRNA3357552-Salmonella	0	-0.19548207668087603	7.873457856755195e-5	-1.293425820612636	-0.5973362152733459	1.1985429787659707	-1.4846092460460156	-0.5496497275515595	0.3928498094110875	1.0272961055825607	0.2796697016300542	-0.5952570039174161
SroG-Salmonella	0	-0.15415671727330427	-0.7199985419021306	-0.19518697902357296	-0.9714456117715446	0.11769020716718259	-1.228055355902014	-0.40779682079315727	-0.3656843692569165	-1.1915812797244243	-0.4860186104781441	2.080005384449933
STnc1420-Salmonella	0	0.6372900765566101	-0.3597671214503766	0.2973137958537868	-0.9839435287374023	-0.7292058325033492	0.1403549691667565	1.1587181237810533	0.35161785751579	-0.26202224907199123	0.018546167666010138	0.42399024147774655
sRNA3394975-Salmonella	0	2.7829028067433033	0.12512029942596659	-0.8448220179459938	-0.5349416074434972	-3.1307560929236766	-0.6064488703728834	0.6635610570122701	-1.5754450112791436	-2.7573333764116135	0.5306089051741703	-0.276154773602574
sRNA3417448-Salmonella	0	-1.3460179283709897	-0.7305267628824499	0.28014166081015723	-0.44682453564703994	2.6066897107518976	-1.1647801409941794	0.6192949943337265	-0.9035665655534197	2.6992747350135904	-0.07010195544375009	0.9881799071712702
sRNA3417670-Salmonella	0	-1.2874260419409451	-0.4407798995785801	-0.5764046598046748	-0.9804643286121435	1.009149650095123	0.13276277096161992	0.10286006848558982	-0.4067496299710158	1.383264573572633	-0.2435022569974601	-0.0883095222724668
sRNA3435592-Salmonella	0	-1.0971906832573932	-1.4498225556536033	-0.8658799052531068	-0.6981337437420931	-0.21706928289935412	0.6027914340267273	-1.0327600861592163	-0.7309029336694737	-0.7663505927784797	-1.0370259693835804	2.697977797997714
sRNA3435639-Salmonella	0	-1.139065535316366	-1.1213690290826985	-0.4689090900956998	-0.4065958283998654	0.13648974601133368	0.5409745500219678	-0.6846705907913648	-0.5005232094283656	-0.5343349551320653	-1.3425853802484653	3.069367788901234
SraG-Salmonella	0	1.77871286299861	-0.4710555860398973	-1.1468463751937472	-0.2989116324689869	-1.6083382165505036	-0.6709538952964635	-1.5861304010675537	-0.6857545386708868	-2.39087827268417	-0.10320823256262379	2.78515041163406
sRNA3474230-Salmonella	0	0.1309797383247045	0.23277298227227106	-0.25614005917928534	0.7268998008766101	0.21209506981815507	0.5942034218006402	-0.11507517445587229	0.45899895160257986	-0.2547829824474787	-0.3516233114140967	1.1508674190758446
sRNA3515728-Salmonella	0	0.4828876374404648	0.10101547877043465	1.4446365638144356	0.5910657726132175	0.41327644633327143	0.04849742855029626	0.19468538711738131	0.7600669206739152	-0.038918515079068905	0.26911711030783525	1.028171088778946
sRNA3515800-Salmonella	0	0.1425505790806314	-0.07290144455315362	-0.009426047503688695	-0.18248538408461534	0.1774739425629337	-0.459177196651702	0.36429219500500265	-0.2247319872529474	-0.6175964584652467	-0.44961295527187295	0.595514050499834
sRNA3521831-Salmonella	0	1.1915982664756166	-0.09337760627111358	3.0923555864694032	-0.2616765037404871	1.9276614884810694	-0.31689480823023697	0.3173243166699864	1.757031523785626	-1.170754796821383	0.5214559353881731	0.4535111277700663
sRNA3534732-Salmonella	0	1.6356877617981436	1.3113314565352168	1.1886582358401103	0.5081992113410934	0.6503798528272302	1.4850118127799532	1.47365090022207	1.607901413327693	-0.13896707322086677	1.0724973849913533	1.38810509702482
sRNA3549132-Salmonella	0	0.9284113216640928	0.7445174403814998	2.8351392975975265	0.2544584673985697	1.2239741014836762	0.2712605811286233	0.2869345764758302	1.4487480842257665	0.8011148810691835	1.5140387042967762	0.4268107034408466
sRNA3576659-Salmonella	0	0.04970368450555536	0.1527060474156844	1.2777648585364305	-0.17288452661596065	1.4772034914005248	0.12206723599024173	0.07224961980650453	0.8421674803818011	0.07972040127073	-0.11485698366641897	0.4383895429183864
STnc3990-Salmonella	0	2.004120454282776	0.6848046346062269	1.6962176927980304	0.43517293447732985	1.7752408628599063	1.3351434335344763	1.8675036274071797	1.3892479211866595	-0.5257809486196168	0.10929168639908982	1.1192796799829994
sRNA3593555-Salmonella	0	2.339622003041817	0.5582180955454203	0.2064490132561121	0.5747399604472798	-0.5654512205431905	-1.3900134971618239	-0.26519019767538654	-1.0163188807859653	-0.9927484598126943	0.5922446826453502	3.2395012853371705
STnc1670-Salmonella	0	-1.9539663837887034	-0.28089639408594014	2.4472674231590332	-0.4575486400136697	1.623247788706327	0.1051342665680366	0.15266322111871045	1.0723563045056563	0.47109263550328695	0.6320429743235101	2.3965938775773603
STnc4000-Salmonella	0	0.5938073371240074	-0.142315877542005	-0.03852826146718635	0.38690990717780627	2.4927639677401654	0.9922187931202463	0.19455329529591225	1.5530244063579546	-0.04339990081405132	-0.14173301960829948	0.9488641167476685
sRNA3626080-Salmonella	0	1.8155601436159436	1.1782492800433264	0.02096082051310688	0.7617606695982602	-1.0129404331610634	-0.8950834229245768	1.6374631870214795	-0.2851839203670803	-0.8162263743735836	0.008883193979976056	0.5816298315051736
STnc1590-Salmonella	0	-0.7206792062324197	-1.3266136315150376	-1.1741664301655432	-1.0314793776429665	-0.6620589130743464	-0.6628928058524495	-1.048682854550423	-0.8166791116330399	-1.6388247043705328	-1.2349709792662154	0.10005439449550702
STnc760-Salmonella	0	-0.16610878076110014	-0.6795133826631599	1.0318026901956836	-1.5595168495560867	-0.34132318683719687	-0.22761842531540655	-1.20128639065703	0.011672714288746722	-0.5740457112390933	-1.10783799458751	0.7728606226749699
sRNA3691557-Salmonella	0	1.2970941720761298	0.6143526762142164	-0.36081964625640817	1.3206416909116032	-0.7333046607448818	0.8934843763009734	0.9517390577442031	1.0030770078946363	-0.6783623917765558	-0.3554242311791225	0.005507779480846464
STnc4010-Salmonella	0	-1.3692410332977003	0.4143064676879096	0.42037030655323626	0.20717525597859288	0.9242970689604197	1.15475800237812	-0.054676389330033714	0.4251450420730629	0.12217972262638988	0.3511653013558229	0.33824965797601303
sRNA12-Salmonella	0	0.03163307865023837	0.3172987769536147	2.046133905614162	-0.03338509612775964	1.7106746522997054	-0.20220701194534096	0.561707293209914	-0.20048069666278964	0.09331302729010024	-0.21343124393807464	0.4866972900041017
sRNA3755629-Salmonella	0	1.0240865879430943	0.7209178712564772	0.35935001137923694	0.22210300314416598	-0.6107304918265847	-0.267771337120848	0.2906174794795744	0.8271957520782607	-0.21614206027172334	0.4446344111038041	0.11686352571945635
sRNA3758267-Salmonella	0	0.7196316525470436	0.16077766972709817	1.0896379827465066	-0.4351038626634789	1.0033566691958002	-0.2480558440888576	0.6550222398802035	0.3103132829867301	-0.17015369989603335	1.2004061890396667	0.9017381247271103
STnc770-Salmonella	0	-0.5405596166972266	0.020327596267103232	1.3422678965007462	-0.8576133598555398	0.6812106571007295	0.8671882698292368	0.07673371276647689	0.2804543655783034	-0.1133486852914034	-0.11374718007338647	1.3483095515175965
sRNA3781793-Salmonella	0	0.6596903120717292	0.17128276394979913	1.5458573579362263	-0.37655795900711375	2.750502313034133	0.18361473960627261	1.6802605895882525	2.1030097507400796	0.5408685786319793	-0.3572504662842346	0.6113150928931326
sRNA3782057-Salmonella	0	-1.9270890957369673	-0.7087885353847536	0.26581735512495985	-1.7277650552747135	-0.35601897418537387	-0.13577568390626382	0.48838136950262623	-0.31374362654806376	-1.9319887068416435	-1.6535885655432496	-1.8285848909661198
STnc350-Salmonella	0	-0.18407354505358686	-0.5773101132376568	-0.8209580043727902	-0.5034636138419102	-0.37657951403126333	-0.5801943449405198	0.43753921626107317	0.5215644464502098	-1.26255732377986	-0.97020637560964	-1.0503987062194167
sRNA3825805-Salmonella	0	0.047622967654694426	-0.8596849167007099	-0.047106613202265946	-0.9277959259204058	0.9311277352622012	-0.5894496897809298	-0.5463144794625305	-0.34622260477110123	-0.1443972215359095	-0.6749013433136548	0.06199119148873122
STnc1430-Salmonella	0	0.03735849326236362	-0.6663099577806131	2.692997392715469	-0.6976476569698766	1.9517337688415335	0.6260466656158199	-0.3964626731364067	0.6796152623593139	2.036412107565133	0.45584886373722	1.5810275348885972
sRNA3835685-Salmonella	0	-0.9724929917279915	-1.2982909213689038	-0.7997463308987119	-1.0546741080257223	1.934791785294869	-1.287287624707894	-1.4459001564965472	-1.28332595087826	0.32118296121930556	-1.5537653909139102	-0.7525818002562326
sRNA3857685-Salmonella	0	2.2892750090946272	0.31386318219446974	1.9886715229789331	-1.2976038296651433	-1.4148723416853333	-0.39178925533942666	-0.27128817894420676	-1.7091565971350833	-1.6972496551850869	0.15879380794486986	4.22113051994593
STnc780-Salmonella	0	1.5942515681217166	0.24611506137898065	2.655772558186234	-1.0783503132368795	1.0840842938522606	-1.0616106587097	0.7921567744484772	-0.9536028183702872	-0.11413112532126934	0.050842664388573766	-0.4870001527201291
sRNA3871532-Salmonella	0	-0.38876892462156665	-0.009956292463545013	0.9907535040794255	-0.3673624947533637	1.0397344690486556	-0.2986554300969114	0.45986149844570967	0.08718282553466938	0.2441699246825213	0.05689479582135526	0.08508466083336663
STnc380-Salmonella	0	-0.34343231202322333	-0.1836405803961909	0.30135991799530903	-0.18524094108039768	0.30107966425307264	-0.426398736036831	0.07960697939171335	1.2065826631766627	-0.7270797134883533	-0.678160359087363	-0.16960301176847659
sRNA3931763-Salmonella	0	1.2673773622287134	0.80023646012092	0.3165541730558372	0.7435455368372503	-0.8669726089793564	0.8112261949383068	1.0790514996039597	-0.051482759387193155	-0.4001022548186399	0.90205931087874	0.14510779661382678
sRNA3940293-Salmonella	0	-0.03924406181996032	0.2606501936779231	-0.6011343826485303	-0.6009775655198513	-1.7700194901683004	-1.6496141303075877	-0.6463364697370402	-0.22121768840905354	-1.5283791465664969	-0.12275080624213341	0.5377401438005132
sRNA3943836-Salmonella	0	0.7651106156970702	-0.7206488657737866	-2.1286513600084764	-1.264759996995743	-1.0038974051277663	-0.7530502887050865	-0.9399898056015363	-1.2035597319654197	-1.8642847134751133	-0.5340387038952299	-1.328440769920483
sRNA3986689-Salmonella	0	2.8456134978207035	0.06068171538758005	3.071231793581617	-1.1902244528657866	-0.6330587947708199	-0.84199764211745	1.0279343599525972	-0.45509820834248327	0.3024624751989702	1.6240964999354568	0.5436848696465133
sRNA4006485-Salmonella	0	1.2454880771128303	1.25923840000485	1.1049147195533933	0.6466351266473103	1.2498228988742732	1.56753425515367	1.18083672672843	1.4574775756273102	-0.03248730022276991	1.7165584289598201	0.5165527951269302
IstR-1,2-Salmonella	0	1.3447852612163258	0.2994900969594537	2.257306110907149	0.03241667974894935	-0.04235311804331654	-0.560644743520426	0.0968162554846127	0.48674083014590697	0.23203169815225	0.524574841516625	1.179978336797685
sRNA4019564-Salmonella	0	0.9022742758486331	-0.42346261271382524	0.04880691181171848	0.248510596003797	0.42188013802613433	1.809325637345614	-0.16667525087213875	1.336533149554235	1.5963039340559142	-0.7687706993368097	2.1633469926608804
sRNA4031693-Salmonella	0	-0.12217500100432943	-0.23170530736836903	0.1462417525218036	-0.09028149114499784	-0.029160423627782928	0.15476303756763565	0.266348135554346	-0.5893887075771447	-0.398516206606898	0.08407434318340923	0.10553653286997866
sRNA4066734-Salmonella	0	-0.054668717077561046	-0.24998957141361489	1.5503526380975285	-0.64130803174569	2.392251419345178	-0.7757131288569572	0.7253999793886534	0.248168322201739	0.36771247495558845	0.40903519879923844	0.12403352649423494
STnc3170-Salmonella	0	-0.2251382610900643	-0.1769109547053802	0.5923723677375397	0.6824026697583767	0.4175471335659169	0.3618658299461768	0.06457970706264748	0.9502420433279901	0.13075824290069882	0.46835608137601237	0.08777544692009509
sRNA4092239-Salmonella	0	0.7207890661272427	-0.5037794733184735	-1.7980877145371836	-1.5423399099333732	-1.0503272077964234	0.3591153195373664	-0.2995578634761267	-0.97067745673451	-1.6322434578820768	-0.48450137484711364	2.3176666381432427
sRNA4110510-Salmonella	0	0.88428306192102335	1.2775837869271132	2.7240686191226833	-0.3520737483724101	1.9101425266650165	1.0021280980914198	0.5335999198692503	1.4629120081842166	-0.6333732394241598	1.053875511606647	1.1245828182266302
sRNA4110784-Salmonella	0	1.666187122980277	0.31780667702753673	2.0821586343976803	0.08673717421466032	1.77270761989223	-0.7190278479110068	2.156219467319857	1.3762844699839163	0.7183192120882498	0.30237673057823367	1.6904427858088868
sRNA4130247-Salmonella	0	-2.0886148105479343	-0.8731576964927044	0.4556943401397957	-2.9854021568550406	0.7409601119340987	-1.3741590468391038	-0.1913362142643571	0.20344166647820572	-1.8768653821123573	-1.1146828876559942	0.14706453819639265
sRNA4146790-Salmonella	0	1.5080899253135733	0.8420599920395233	0.37294479252231394	-0.6534456856445701	-0.5332778984807067	-0.8354341787134603	1.4643992623854336	-0.01652462074063621	-0.8517034348602435	0.15576557083294684	1.5602760301518508
sRNA4162399-Salmonella	0	2.9974175842914015	0.41431253412177504	1.3853116935019685	-0.2959839697656381	-2.2672563668594954	-3.582748072910295	0.12693827424508797	-2.939502380597969	-2.3461227147962225	0.8376929130014314	0.5534052568743313
GlmZ-Salmonella	0	0.1214612803605597	-0.8953459673401536	-0.20673266143907654	-1.7869936038375602	0.7365936815775793	0.13437528838448287	-0.5305950095926573	-0.8655529905256998	-0.5353807394185903	-0.035538746607656435	1.623597978431194
sRNA4167628-Salmonella	0	0.3207459595453468	0.50632356816197	1.1592574002286167	-0.5289859224589168	1.0913706568905601	-0.9628092982161265	0.7159541555368731	-0.3233532105266832	-0.9284452358729398	0.4009091928078803	-1.456502497838283
sRNA4167843-Salmonella	0	0.7499284655350968	1.0796040614441136	0.8816786997929369	-0.1157014267050398	1.2239755921562572	-0.8440309044699634	1.5941602358532667	0.61342752478674	-0.11269215559675017	0.1049807575475632	1.6156916524724303
sRNA4179482-Salmonella	0	3.390300194649627	1.6841801007530064	3.20090291977386	-0.23481311569311014	1.546237276580543	0.16681446277136036	1.1839439344040068	2.1954138941961228	-0.6637746666292168	1.2319932913670968	1.9484181259380762
sRNA4183113-Salmonella	0	-0.8746779332499637	-1.4921753079014564	-1.6673781841287498	-1.37849888977888	1.2095140660051706	-0.9164522416558034	-0.8476095935028365	0.9422828014152165	-1.5964895047908296	-0.8747591310313734	-0.443653410698996
sRNA4217489-Salmonella	0	1.127064076331341	0.027926724265239344	-0.23703411239621164	-0.11398759426379668	0.3053823836416433	-0.20630069172597465	0.10232581549219366	-0.45460592383937304	0.2281594017273637	-0.06281304448112435	1.1463686291824113
sRNA4223041-Salmonella	0	0.1314325630530866	0.2887180316742599	1.0594638683007367	-0.9684946468652187	-0.40015289304672397	-0.49499017553968083	-0.18890962063595973	-0.30597096173809657	-1.219078715190495	0.30674256273972356	-0.5607551295541133
Spot_42-Salmonella	0	-0.34477742986478077	-2.069743950259304	-2.685593246207384	-2.9839687557296335	-3.4745725343855343	-0.8515110778366708	-2.3834927985420773	-0.9422109390144904	-5.327704594203137	-3.0435571805421837	0.813594740657182
CsrC-Salmonella	0	-1.0822373774387337	-0.5564319674125002	1.215562053850368	-1.6178219329099335	-0.3410510881929998	-0.6890326381311329	-0.7831144851652656	-0.6598446595944996	1.864175637477036	-0.9225843107175322	-0.30306843129533334
sRNA4232507-Salmonella	0	0.3438493222568486	-0.9996979630306511	-1.4225373399753303	-1.4503741245906963	-0.09471993927331801	-0.899049781432902	-1.293854743743283	-1.6682578598494269	-0.933033548012631	-1.066562438431699	0.10071882855898373
STnc800-Salmonella	0	-1.9084640753502304	-0.669304043633117	-3.141382025323467	-1.29421579623867	-2.747433338545517	-0.19810772739717297	-2.7089145340296206	-1.2781644988965475	-2.2962707345369804	-0.5709724743130566	0.5081963088441963
sRNA4238588-Salmonella	0	0.6105369953837703	0.5210237830967435	-0.511157942034703	-0.5843575762056363	-1.8620524012105732	-1.2886667003392698	-0.7198202010891532	-0.6060146385131233	-0.9125779092157633	-0.45989385371875624	-0.05367259170222294
sRNA4318787-Salmonella	0	-0.6606976712923727	-0.14246700433611625	-0.6361166090182433	-1.0075570979152628	-0.1736075994573527	0.28307052870080707	0.7765675985300966	1.1706425902772706	-1.6422449434835729	-0.6449131807893727	-0.23377191772486672
sRNA4327130-Salmonella	0	1.6511645307647003	-0.16210072833094635	-1.3119780063890665	-0.08773941841967048	-1.8051786988128335	1.3351570341390566	0.19986094787854647	-0.0638928203478466	-1.7972385394530699	-0.10325390630381293	-0.9571440440546368
STnc4070-Salmonella	0	-1.8960386909767135	-0.49296858494115314	0.6760427469231827	-1.51875848401255	0.30690791891414015	-1.6393332636271933	-0.30018966734768027	-1.27353675206836	-0.3265217217281031	0.21602648476349984	-1.3577090827736868
OxyS-Salmonella	0	-0.6999280234693861	-0.8798588901162863	0.3138553157839614	4.256027791713566	0.3316027164975788	1.796284898316286	-0.2461491203035845	5.728502780507479	-0.24860368387864396	-1.188951404072284	2.9998505168037033
sRNA4372453-Salmonella	0	2.1243516525418373	0.07379274601723296	-1.7110927877353763	-0.9360509482823529	-3.0760808551732732	-2.680486779346303	-1.9615641532462798	-2.2962608163329135	-3.9216802000560063	-0.48462279578267964	2.9285833371400107
sRNA4385784-Salmonella	0	1.733701682494118	0.2227325928932462	-0.5519739483102803	-0.4399762900044042	-1.8964552716912948	0.9081960054522416	0.38828158511538824	-0.6667222436121554	-1.6938322117958844	-0.36906230497799797	1.2125395626840785
STnc1460-Salmonella	0	0.1855978418361346	-1.016181448494299	-2.7036642655830416	-0.35707779675526474	-0.6765089214060662	0.454183355733635	-0.5097773838714996	0.34897828197226843	-1.5046201194438655	-0.3097906058291322	1.4409767375363014
sRNA4415893-Salmonella	0	1.6934445812635333	-0.07127367914111993	0.6124596688256099	-0.6492809149930334	0.46315248882305626	0.07562873324909347	-0.966900048623327	-0.5711618825271918	-0.8543413578266765	-0.16770117247346672	2.8109719222471194
sRNA4417787-Salmonella	0	3.472995780909008	-0.33747410085795515	-1.5120695475029002	-0.6350067752268838	-1.6773729044996541	-1.2864597619453926	-0.2871279780469185	-2.0484450381108887	-1.7937193338031001	-1.1115098902576543	1.3803393744397816
sRNA4433610-Salmonella	0	0.9448492781110697	0.9822304145314623	0.908750142149025	-3.7319265855340067e-4	1.3988639212556806	-0.09263484162944025	0.9493220486153807	1.0609963853735689	0.388785614408398	0.069705757443279	1.4646474330255894
sRNA4482999-Salmonella	0	-0.43845261799543755	-0.34334165849779963	1.7168454257498005	0.46560443040258004	2.6444385448735472	-0.16832076177097638	1.348500508777807	-0.08178825124381134	3.6718314154789473	0.3931118007873007	1.4405496003705216
sRNA4483054-Salmonella	0	-0.19612202128480313	-0.29529718483347517	0.03841501900409727	-0.4319815769321246	1.2087482627479822	-0.2914182763322281	0.8292674005323555	-0.08823795223779707	1.9040525044040852	-0.17528195826710705	0.2981486440768245
SraL-Salmonella	0	0.9540326623850739	-0.6683955834556552	4.4079373335025505	-0.5318916693558202	3.390091564871638	-0.015432173255950588	1.1564030748691447	1.0332084726316082	3.827340409091858	1.6014769310510881	1.6537417104565448
sRNA4527235-Salmonella	0	0.5843783773734401	0.6200355487881337	0.5073851398549367	0.18954337396500698	3.189285531500813	-0.3612302269420198	1.8474413668154703	1.5982368679385166	1.3051490771645202	1.4269592094419874	2.4028802842392496
sRNA4534828-Salmonella	0	-0.03477661494678852	-0.2862011399390463	-0.05402821719209694	-0.20438428877389325	2.0116491069699847	-0.05461373859792529	-0.24963638617986827	0.17900781392363535	1.2232995488186882	-0.2894570657444243	0.49074870647631463
sRNA4550089-Salmonella	0	-0.7340179412551064	-0.8286310107236137	-0.9077742212002544	-0.8318649905029595	-0.41305126764030664	-0.6719050139747846	0.13273268455438125	-0.5038691474612351	-0.2440423694849443	-0.7316498109684003	-0.4348410372406559
STnc1180-Salmonella	0	1.4312855621152336	0.0026165956298669357	1.5449777029414802	-0.11329460504896116	-0.2572860330349884	0.28337778106320366	0.5188153392480002	-0.08764926193340483	0.22687193862212518	-0.2187969410071091	1.1830358066342337
STnc440-Salmonella	0	-0.33341673174358866	-0.5656986215058223	0.0750859775281465	-0.7748018666573739	-0.36527242977638563	0.23652403143011913	-0.3267585391200589	-0.2817476878253635	0.28908225207361626	-0.16618558873989864	0.6539837088592124
sRNA4655124-Salmonella	0	1.03519342669735	-0.0800813818084003	0.8222010219596196	-1.8479315692059093	-0.1327399679100778	-1.5001846419781792	-0.6192424617895536	-0.1597875300116236	-0.531720347896218	0.05114017830197959	-0.7659382375118036
sRNA4662099-Salmonella	0	-0.07975343921345002	-0.5186360711273648	2.070396284875253	-0.9656410719913935	3.0898629444906733	-0.44418596329012616	2.017934666819726	1.49486390535952	3.1007809576154033	-0.4150533987418381	0.10144360904649674
sRNA4663946-Salmonella	0	1.5257271583264593	0.65462782552527	4.606045467945356	1.5707179841338936	3.5581752535913393	2.1690631922142796	2.4072070454088097	4.118053772926133	3.603443416728667	1.6102584038007128	0.3829420314949328
STnc1740-Salmonella	0	0.9377381554090429	0.14879428172249365	1.1113613073601352	-0.18635645992218364	1.1772269274519562	-0.025560534516425593	0.3952700993130265	0.35359434247172294	-0.12170323145785811	0.641173289255863	0.4358302463417396
sRNA4720054-Salmonella	0	2.8665959221494504	-0.3523011982182567	1.6955981907776074	-1.5044466739515805	-1.3236663981736703	-2.4531766920848037	0.793787028463516	-1.7479222208838863	-0.5603488245714834	0.9366253656106736	0.9491279531113097
sRNA4742776-Salmonella	0	0.3503055477540633	0.25363339831987664	0.5997480485763831	0.32159863172814007	1.1411270253494832	0.1065403449276634	0.08057006048088966	1.1599958866429267	-0.19279962094503333	0.2586401694316167	0.40153251272187984
sRNA4772464-Salmonella	0	1.2763209278773688	0.2550650750781639	0.3805982741465189	0.4702892954500496	1.4148586387340218	0.5640099812071143	1.1585953105837352	0.7970919819752599	0.9138613028707955	0.16682990276066323	0.5086116811053413
sRNA4776489-Salmonella	0	0.5238801551380399	1.1451243640360569	3.306328878313503	-1.1333605157701134	1.8076525488531296	-0.8000379179109269	-0.058606512651456555	0.6782203747153637	0.7741326061067366	1.81573655382001	0.5091763094299071
STnc4260-Salmonella	0	-0.129040356591963	0.5609215411284452	1.1476827855878955	0.5952747559110969	1.7371742562453074	0.2932410501606843	0.1002476706427965	2.0565943952625108	-0.04256437431545934	-0.13146275853119346	0.5376726864728347
sRNA4794013-Salmonella	0	-1.4347553698908868	0.2936504447901731	0.8972598694381695	-1.844379514817133	-0.3838019296818498	-2.88688187022351	-0.6666478777861498	-1.62206548054667	-0.7835092391766532	0.76267195542823	-1.4051164751677065
STnc1470-Salmonella	0	-0.8617513595072793	-0.08761598056636433	-0.9243740392658888	-0.6713286794759525	-0.5865831968174459	-0.2995145513156814	-1.0857129259602918	-0.37752211711978734	-0.7248067822523208	-0.4688619262767807	0.678854933197536
sRNA4812322-Salmonella	0	0.9260303548525135	0.4795953181414965	-0.7179528487488317	-0.4277332626289292	-0.6726018814028214	1.0490722045419067	0.12038673034356329	0.08569250869376033	-0.25121561746625165	0.6070497555314902	1.3535962340781764
sRNA4837089-Salmonella	0	-0.58779217772156	-0.8251932325009932	2.31575624656862	0.6175083041921301	5.273537397006637	1.00478843599387	3.950808150779097	1.4637252797671936	5.76306590636883	1.2493289902488405	0.8590827148759672
sRNA4837237-Salmonella	0	-0.1629081791234528	-0.1972771744553663	2.8761057949537268	0.8245506406749339	5.756445943311874	1.2860313162897539	4.100206670565507	1.664891104463127	6.248508586511674	1.8254327195034676	1.5567617317528573
sRNA4864124-Salmonella	0	-0.3381248446306495	-0.6529883179023399	-0.7911189265705287	-0.4835774180754	0.015171745762596611	-0.65355668644197	-0.9844947921101439	-1.0256672571215422	-1.0232291314886557	-0.4157978763066572	-0.705634878867865
sRNA4876851-Salmonella	0	1.2377333524151384	0.1920630968626782	2.4034299427639283	-0.1252517142851517	3.1617293069773584	0.08852981836624818	1.1784079789376816	1.2310082704887049	0.6187009322849817	1.4508369803334449	0.3311449980054517
